Id,Probability
0,0.0
1,0.0
2,0.0
3,0.0
4,0.0
5,0.0
6,0.0
7,0.0
8,0.0
9,0.0
10,0.0
11,0.0
12,0.0
13,0.0
14,0.0
15,0.0
16,0.0
17,0.0
18,0.0
100,0.0
101,0.0
102,0.0
103,0.0
104,0.0
105,0.0
106,0.0
107,0.0
108,0.0
109,0.0
110,0.0
111,0.0
112,0.0
113,0.0
114,0.0
115,0.0
116,0.0
117,0.0
118,0.0
400,0.0
401,0.8
402,0.0
403,0.0
404,0.0
405,0.0
406,0.0
407,0.0
408,0.0
409,0.0
410,0.4
411,0.8
412,0.0
413,0.0
414,0.0
415,0.0
416,0.0
417,0.0
418,0.0
600,0.0
601,0.0
602,0.0
603,0.0
604,0.0
605,0.0
606,0.0
607,0.0
608,0.0
609,0.0
610,0.0
611,0.0
612,0.0
613,0.0
614,0.0
615,0.0
616,0.0
617,0.0
618,0.0
700,0.0
701,0.0
702,0.0
703,0.0
704,0.0
705,0.0
706,0.0
707,0.0
708,0.0
709,0.0
710,0.0
711,0.0
712,0.0
713,0.0
714,0.0
715,0.0
716,0.0
717,0.0
718,0.0
1000,0.0
1001,0.0
1002,0.0
1003,0.0
1004,0.0
1005,0.0
1006,0.0
1007,0.0
1008,0.0
1009,0.0
1010,0.0
1011,0.0
1012,0.0
1013,0.0
1014,0.0
1015,0.0
1016,0.0
1017,0.0
1018,0.0
1200,0.0
1201,0.2
1202,0.4
1203,0.0
1204,0.2
1205,0.0
1206,0.0
1207,0.0
1208,0.0
1209,0.0
1210,0.2
1211,0.2
1212,0.0
1213,0.0
1214,0.0
1215,0.0
1216,0.0
1217,0.0
1218,0.0
1700,0.0
1701,0.0
1702,0.0
1703,0.0
1704,0.0
1705,0.0
1706,0.0
1707,0.0
1708,0.0
1709,0.0
1710,0.0
1711,0.0
1712,0.0
1713,0.0
1714,0.0
1715,0.0
1716,0.0
1717,0.0
1718,0.0
2200,0.0
2201,0.0
2202,0.0
2203,0.0
2204,0.0
2205,0.0
2206,0.0
2207,0.0
2208,0.0
2209,0.0
2210,0.0
2211,0.0
2212,0.0
2213,0.0
2214,0.0
2215,0.0
2216,0.0
2217,0.0
2218,0.0
2700,0.0
2701,0.4
2702,0.0
2703,0.0
2704,0.0
2705,0.0
2706,0.0
2707,0.0
2708,0.0
2709,0.0
2710,0.0
2711,0.0
2712,0.0
2713,0.0
2714,0.0
2715,0.0
2716,0.0
2717,0.0
2718,0.0
2800,0.0
2801,0.2
2802,0.0
2803,0.0
2804,0.0
2805,0.0
2806,0.0
2807,0.0
2808,0.0
2809,0.2
2810,0.2
2811,0.0
2812,0.0
2813,0.0
2814,0.0
2815,0.0
2816,0.0
2817,0.2
2818,0.0
2900,0.0
2901,0.0
2902,0.0
2903,0.0
2904,0.0
2905,0.0
2906,0.0
2907,0.0
2908,0.0
2909,0.0
2910,0.0
2911,0.0
2912,0.0
2913,0.0
2914,0.0
2915,0.0
2916,0.0
2917,0.0
2918,0.0
3000,0.0
3001,0.4
3002,0.0
3003,0.0
3004,0.0
3005,0.0
3006,0.0
3007,0.0
3008,0.0
3009,0.2
3010,0.4
3011,0.2
3012,0.0
3013,0.0
3014,0.0
3015,0.0
3016,0.0
3017,0.2
3018,0.2
3100,0.0
3101,0.4
3102,0.0
3103,0.0
3104,0.0
3105,0.0
3106,0.0
3107,0.6
3108,0.0
3109,0.0
3110,0.2
3111,0.2
3112,0.4
3113,0.0
3114,0.0
3115,0.2
3116,0.0
3117,0.2
3118,0.0
3200,0.0
3201,0.0
3202,0.0
3203,0.0
3204,0.0
3205,0.0
3206,0.0
3207,0.0
3208,0.0
3209,0.0
3210,0.0
3211,0.0
3212,0.0
3213,0.2
3214,0.2
3215,0.0
3216,0.2
3217,0.0
3218,0.6
3300,0.0
3301,0.2
3302,0.0
3303,0.0
3304,0.0
3305,0.0
3306,0.0
3307,0.2
3308,0.0
3309,0.2
3310,0.2
3311,0.0
3312,0.4
3313,0.0
3314,0.0
3315,0.0
3316,0.0
3317,0.4
3318,0.2
3400,0.0
3401,0.0
3402,0.0
3403,0.0
3404,0.0
3405,0.0
3406,0.0
3407,0.0
3408,0.0
3409,0.0
3410,0.0
3411,0.0
3412,0.0
3413,0.0
3414,0.0
3415,0.0
3416,0.0
3417,0.0
3418,0.0
3700,0.0
3701,0.0
3702,0.0
3703,0.0
3704,0.0
3705,0.0
3706,0.0
3707,0.0
3708,0.0
3709,0.0
3710,0.0
3711,0.0
3712,0.0
3713,0.0
3714,0.0
3715,0.0
3716,0.0
3717,0.0
3718,0.0
4000,0.0
4001,0.0
4002,0.0
4003,0.0
4004,0.0
4005,0.0
4006,0.0
4007,0.0
4008,0.0
4009,0.0
4010,0.0
4011,0.0
4012,0.0
4013,0.2
4014,0.2
4015,0.0
4016,0.2
4017,0.0
4018,0.6
4100,0.0
4101,0.2
4102,0.0
4103,0.0
4104,0.0
4105,0.2
4106,0.4
4107,0.0
4108,0.0
4109,0.0
4110,0.2
4111,0.0
4112,0.2
4113,0.0
4114,0.0
4115,0.0
4116,0.0
4117,0.0
4118,0.2
4200,0.0
4201,0.0
4202,0.0
4203,0.0
4204,0.0
4205,0.0
4206,0.0
4207,0.0
4208,0.0
4209,0.0
4210,0.0
4211,0.0
4212,0.0
4213,0.0
4214,0.0
4215,0.0
4216,0.0
4217,0.0
4218,0.0
4400,0.0
4401,0.6
4402,0.4
4403,0.0
4404,0.0
4405,0.2
4406,0.2
4407,0.0
4408,0.4
4409,0.2
4410,0.4
4411,0.0
4412,0.0
4413,0.0
4414,0.0
4415,0.0
4416,0.0
4417,0.0
4418,0.0
4700,0.0
4701,0.0
4702,0.0
4703,0.0
4704,0.0
4705,0.0
4706,0.0
4707,0.0
4708,0.0
4709,0.2
4710,0.6
4711,0.0
4712,0.2
4713,0.4
4714,0.2
4715,0.0
4716,0.0
4717,0.2
4718,0.6
4800,0.0
4801,0.0
4802,0.0
4803,0.0
4804,0.0
4805,0.0
4806,0.0
4807,0.0
4808,0.0
4809,0.0
4810,0.0
4811,0.0
4812,0.0
4813,0.0
4814,0.0
4815,0.0
4816,0.0
4817,0.0
4818,0.0
4900,0.0
4901,0.0
4902,0.0
4903,0.0
4904,0.0
4905,0.0
4906,0.0
4907,0.0
4908,0.0
4909,0.0
4910,0.0
4911,0.0
4912,0.2
4913,0.0
4914,0.0
4915,0.0
4916,0.0
4917,0.0
4918,0.0
5100,0.0
5101,0.0
5102,0.0
5103,0.0
5104,0.0
5105,0.0
5106,0.0
5107,0.0
5108,0.0
5109,0.2
5110,0.0
5111,0.0
5112,0.2
5113,0.0
5114,0.0
5115,0.0
5116,0.2
5117,0.4
5118,0.2
5200,0.0
5201,0.0
5202,0.0
5203,0.0
5204,0.0
5205,0.0
5206,0.0
5207,0.0
5208,0.0
5209,0.0
5210,0.0
5211,0.0
5212,0.0
5213,0.0
5214,0.0
5215,0.0
5216,0.0
5217,0.0
5218,0.0
5700,0.0
5701,0.0
5702,0.0
5703,0.0
5704,0.0
5705,0.0
5706,0.0
5707,0.0
5708,0.0
5709,0.0
5710,0.0
5711,0.0
5712,0.0
5713,0.0
5714,0.0
5715,0.0
5716,0.0
5717,0.0
5718,0.0
5900,0.0
5901,0.0
5902,0.0
5903,0.0
5904,0.0
5905,0.0
5906,0.0
5907,0.0
5908,0.0
5909,0.0
5910,0.0
5911,0.0
5912,0.0
5913,0.0
5914,0.0
5915,0.0
5916,0.0
5917,0.0
5918,0.0
6200,0.0
6201,0.0
6202,0.0
6203,0.0
6204,0.0
6205,0.0
6206,0.0
6207,0.0
6208,0.0
6209,0.0
6210,0.0
6211,0.0
6212,0.0
6213,0.0
6214,0.0
6215,0.0
6216,0.0
6217,0.0
6218,0.0
6300,0.0
6301,0.0
6302,0.0
6303,0.0
6304,0.0
6305,0.0
6306,0.0
6307,0.0
6308,0.0
6309,0.0
6310,0.0
6311,0.0
6312,0.0
6313,0.0
6314,0.0
6315,0.0
6316,0.0
6317,0.0
6318,0.0
6500,0.0
6501,0.0
6502,0.0
6503,0.0
6504,0.0
6505,0.0
6506,0.0
6507,0.0
6508,0.0
6509,0.0
6510,0.0
6511,0.0
6512,0.0
6513,0.0
6514,0.0
6515,0.0
6516,0.0
6517,0.0
6518,0.0
6600,0.0
6601,0.0
6602,0.0
6603,0.0
6604,0.0
6605,0.0
6606,0.0
6607,0.0
6608,0.0
6609,0.0
6610,0.0
6611,0.0
6612,0.0
6613,0.0
6614,0.0
6615,0.0
6616,0.0
6617,0.0
6618,0.0
6800,0.0
6801,0.0
6802,0.0
6803,0.0
6804,0.0
6805,0.0
6806,0.0
6807,0.0
6808,0.0
6809,0.0
6810,0.0
6811,0.0
6812,0.0
6813,0.0
6814,0.0
6815,0.0
6816,0.0
6817,0.0
6818,0.0
6900,0.0
6901,0.0
6902,0.0
6903,0.0
6904,0.0
6905,0.0
6906,0.0
6907,0.0
6908,0.0
6909,0.0
6910,0.0
6911,0.0
6912,0.0
6913,0.0
6914,0.0
6915,0.0
6916,0.0
6917,0.0
6918,0.0
7000,0.0
7001,0.2
7002,0.2
7003,0.0
7004,0.0
7005,0.2
7006,0.2
7007,0.0
7008,0.0
7009,0.2
7010,0.0
7011,0.0
7012,0.0
7013,0.0
7014,0.0
7015,0.0
7016,0.0
7017,0.0
7018,0.0
7200,0.0
7201,0.0
7202,0.0
7203,0.0
7204,0.0
7205,0.0
7206,0.0
7207,0.0
7208,0.0
7209,0.0
7210,0.0
7211,0.0
7212,0.0
7213,0.0
7214,0.0
7215,0.0
7216,0.2
7217,0.0
7218,0.0
7400,0.0
7401,0.2
7402,0.0
7403,0.0
7404,0.0
7405,0.0
7406,0.0
7407,0.0
7408,0.0
7409,0.0
7410,0.0
7411,0.0
7412,0.0
7413,0.0
7414,0.0
7415,0.0
7416,0.0
7417,0.0
7418,0.0
7500,0.0
7501,0.0
7502,0.0
7503,0.0
7504,0.0
7505,0.0
7506,0.0
7507,0.0
7508,0.0
7509,0.0
7510,0.0
7511,0.0
7512,0.0
7513,0.0
7514,0.0
7515,0.0
7516,0.0
7517,0.0
7518,0.0
7700,0.2
7701,0.8
7702,0.2
7703,0.0
7704,0.0
7705,0.0
7706,0.0
7707,0.2
7708,0.4
7709,0.0
7710,0.4
7711,0.0
7712,0.0
7713,0.0
7714,0.0
7715,0.0
7716,0.0
7717,0.0
7718,0.0
7900,0.0
7901,0.0
7902,0.0
7903,0.0
7904,0.0
7905,0.0
7906,0.0
7907,0.0
7908,0.0
7909,0.0
7910,0.0
7911,0.0
7912,0.0
7913,0.0
7914,0.0
7915,0.0
7916,0.0
7917,0.0
7918,0.0
8100,0.0
8101,0.0
8102,0.0
8103,0.0
8104,0.0
8105,0.0
8106,0.0
8107,0.0
8108,0.0
8109,0.0
8110,0.0
8111,0.0
8112,0.0
8113,0.0
8114,0.0
8115,0.0
8116,0.0
8117,0.0
8118,0.0
8200,0.0
8201,0.0
8202,0.0
8203,0.0
8204,0.0
8205,0.0
8206,0.2
8207,0.0
8208,0.0
8209,0.0
8210,0.0
8211,0.0
8212,0.0
8213,0.0
8214,0.0
8215,0.0
8216,0.0
8217,0.0
8218,0.0
8300,0.0
8301,0.0
8302,0.0
8303,0.0
8304,0.0
8305,0.0
8306,0.0
8307,0.0
8308,0.0
8309,0.0
8310,0.0
8311,0.0
8312,0.0
8313,0.0
8314,0.0
8315,0.0
8316,0.0
8317,0.0
8318,0.0
8400,0.0
8401,0.0
8402,0.0
8403,0.0
8404,0.0
8405,0.0
8406,0.0
8407,0.0
8408,0.0
8409,0.0
8410,0.0
8411,0.0
8412,0.0
8413,0.0
8414,0.0
8415,0.0
8416,0.0
8417,0.0
8418,0.0
8500,0.0
8501,0.0
8502,0.0
8503,0.0
8504,0.0
8505,0.0
8506,0.0
8507,0.0
8508,0.0
8509,0.0
8510,0.0
8511,0.0
8512,0.0
8513,0.0
8514,0.0
8515,0.0
8516,0.0
8517,0.0
8518,0.0
8600,0.0
8601,0.0
8602,0.0
8603,0.0
8604,0.0
8605,0.0
8606,0.0
8607,0.0
8608,0.0
8609,0.0
8610,0.0
8611,0.0
8612,0.0
8613,0.0
8614,0.0
8615,0.0
8616,0.0
8617,0.0
8618,0.0
8700,0.2
8701,0.4
8702,0.4
8703,0.0
8704,0.0
8705,0.2
8706,0.0
8707,0.2
8708,0.0
8709,0.4
8710,0.0
8711,0.0
8712,0.2
8713,0.0
8714,0.0
8715,0.0
8716,0.0
8717,0.0
8718,0.0
8900,0.0
8901,0.0
8902,0.0
8903,0.0
8904,0.0
8905,0.0
8906,0.2
8907,0.0
8908,0.8
8909,0.2
8910,0.2
8911,0.0
8912,0.0
8913,0.0
8914,0.2
8915,0.0
8916,0.0
8917,0.0
8918,0.0
9000,0.4
9001,0.0
9002,0.0
9003,0.0
9004,0.0
9005,0.2
9006,0.0
9007,0.0
9008,0.0
9009,0.2
9010,0.0
9011,0.0
9012,0.0
9013,0.0
9014,0.0
9015,0.0
9016,0.0
9017,0.0
9018,0.0
9200,0.0
9201,0.0
9202,0.0
9203,0.0
9204,0.0
9205,0.0
9206,0.0
9207,0.0
9208,0.0
9209,0.0
9210,0.0
9211,0.0
9212,0.0
9213,0.0
9214,0.0
9215,0.0
9216,0.0
9217,0.0
9218,0.0
9500,0.0
9501,0.2
9502,0.0
9503,0.0
9504,0.0
9505,0.0
9506,0.0
9507,0.0
9508,0.0
9509,0.2
9510,0.2
9511,0.0
9512,0.0
9513,0.0
9514,0.0
9515,0.0
9516,0.0
9517,0.2
9518,0.0
9800,0.0
9801,0.0
9802,0.0
9803,0.0
9804,0.0
9805,0.0
9806,0.0
9807,0.0
9808,0.0
9809,0.0
9810,0.0
9811,0.0
9812,0.0
9813,0.0
9814,0.0
9815,0.0
9816,0.0
9817,0.0
9818,0.0
9900,0.0
9901,0.0
9902,0.0
9903,0.0
9904,0.0
9905,0.0
9906,0.0
9907,0.0
9908,0.0
9909,0.0
9910,0.0
9911,0.0
9912,0.0
9913,0.0
9914,0.0
9915,0.0
9916,0.0
9917,0.0
9918,0.0
10100,0.0
10101,0.0
10102,0.0
10103,0.0
10104,0.0
10105,0.0
10106,0.0
10107,0.0
10108,0.0
10109,0.0
10110,0.0
10111,0.0
10112,0.0
10113,0.0
10114,0.0
10115,0.0
10116,0.0
10117,0.0
10118,0.0
10400,0.0
10401,0.0
10402,0.0
10403,0.0
10404,0.0
10405,0.0
10406,0.0
10407,0.0
10408,0.0
10409,0.0
10410,0.0
10411,0.0
10412,0.0
10413,0.0
10414,0.0
10415,0.0
10416,0.0
10417,0.0
10418,0.0
10500,0.0
10501,0.0
10502,0.0
10503,0.0
10504,0.0
10505,0.0
10506,0.0
10507,0.0
10508,0.0
10509,0.0
10510,0.0
10511,0.0
10512,0.0
10513,0.0
10514,0.0
10515,0.0
10516,0.0
10517,0.0
10518,0.0
10600,0.0
10601,0.0
10602,0.0
10603,0.0
10604,0.0
10605,0.0
10606,0.0
10607,0.0
10608,0.0
10609,0.0
10610,0.0
10611,0.0
10612,0.0
10613,0.0
10614,0.0
10615,0.0
10616,0.0
10617,0.0
10618,0.0
10700,0.0
10701,0.0
10702,0.0
10703,0.0
10704,0.0
10705,0.0
10706,0.0
10707,0.0
10708,0.0
10709,0.0
10710,0.0
10711,0.0
10712,0.0
10713,0.0
10714,0.0
10715,0.0
10716,0.0
10717,0.0
10718,0.0
10900,0.0
10901,0.0
10902,0.0
10903,0.0
10904,0.0
10905,0.0
10906,0.0
10907,0.0
10908,0.0
10909,0.0
10910,0.0
10911,0.0
10912,0.0
10913,0.0
10914,0.0
10915,0.0
10916,0.0
10917,0.0
10918,0.0
11200,0.0
11201,0.0
11202,0.0
11203,0.0
11204,0.0
11205,0.0
11206,0.0
11207,0.0
11208,0.0
11209,0.0
11210,0.0
11211,0.0
11212,0.0
11213,0.0
11214,0.0
11215,0.0
11216,0.0
11217,0.0
11218,0.0
11300,0.0
11301,0.2
11302,0.0
11303,0.0
11304,0.0
11305,0.0
11306,0.0
11307,0.0
11308,0.0
11309,0.0
11310,0.0
11311,0.0
11312,0.0
11313,0.0
11314,0.0
11315,0.0
11316,0.0
11317,0.0
11318,0.0
11700,0.0
11701,0.0
11702,0.0
11703,0.0
11704,0.0
11705,0.0
11706,0.0
11707,0.0
11708,0.0
11709,0.0
11710,0.0
11711,0.0
11712,0.0
11713,0.0
11714,0.0
11715,0.0
11716,0.0
11717,0.0
11718,0.0
11900,0.0
11901,0.0
11902,0.0
11903,0.0
11904,0.0
11905,0.0
11906,0.0
11907,0.0
11908,0.0
11909,0.0
11910,0.0
11911,0.0
11912,0.0
11913,0.0
11914,0.0
11915,0.0
11916,0.0
11917,0.0
11918,0.0
12100,0.0
12101,0.2
12102,0.0
12103,0.0
12104,0.0
12105,0.0
12106,0.0
12107,0.0
12108,0.4
12109,0.0
12110,0.8
12111,0.2
12112,0.0
12113,0.0
12114,0.0
12115,0.0
12116,0.0
12117,0.0
12118,0.0
12400,0.0
12401,0.2
12402,0.4
12403,0.0
12404,0.0
12405,0.0
12406,0.0
12407,0.0
12408,1.0
12409,0.0
12410,0.2
12411,0.2
12412,0.0
12413,0.0
12414,0.2
12415,0.0
12416,0.0
12417,0.0
12418,0.0
12700,0.0
12701,0.0
12702,0.0
12703,0.0
12704,0.0
12705,0.0
12706,0.0
12707,0.0
12708,0.0
12709,0.0
12710,0.0
12711,0.0
12712,0.0
12713,0.0
12714,0.0
12715,0.0
12716,0.0
12717,0.0
12718,0.0
12900,0.2
12901,0.0
12902,0.0
12903,0.0
12904,0.0
12905,0.0
12906,0.0
12907,0.0
12908,0.0
12909,0.4
12910,0.2
12911,0.0
12912,0.0
12913,0.0
12914,0.0
12915,0.0
12916,0.0
12917,0.0
12918,0.0
13000,0.0
13001,0.0
13002,0.0
13003,0.0
13004,0.0
13005,0.0
13006,0.0
13007,0.0
13008,0.0
13009,0.2
13010,0.0
13011,0.0
13012,0.0
13013,0.0
13014,0.0
13015,0.0
13016,0.0
13017,0.0
13018,0.0
13400,0.0
13401,0.0
13402,0.0
13403,0.0
13404,0.0
13405,0.0
13406,0.0
13407,0.0
13408,0.0
13409,0.0
13410,0.0
13411,0.0
13412,0.0
13413,0.0
13414,0.0
13415,0.0
13416,0.0
13417,0.0
13418,0.0
13500,0.0
13501,0.2
13502,0.2
13503,0.0
13504,0.2
13505,0.0
13506,0.2
13507,0.0
13508,0.4
13509,0.0
13510,0.4
13511,0.0
13512,0.6
13513,0.0
13514,0.2
13515,0.2
13516,0.0
13517,0.0
13518,0.0
13600,0.0
13601,0.0
13602,0.0
13603,0.0
13604,0.0
13605,0.0
13606,0.0
13607,0.0
13608,0.0
13609,0.0
13610,0.0
13611,0.0
13612,0.0
13613,0.0
13614,0.0
13615,0.0
13616,0.0
13617,0.0
13618,0.0
13700,0.0
13701,0.0
13702,0.0
13703,0.0
13704,0.0
13705,0.0
13706,0.0
13707,0.0
13708,0.0
13709,0.0
13710,0.0
13711,0.0
13712,0.0
13713,0.0
13714,0.0
13715,0.0
13716,0.0
13717,0.0
13718,0.0
13900,0.0
13901,0.0
13902,0.0
13903,0.0
13904,0.0
13905,0.0
13906,0.0
13907,0.0
13908,0.0
13909,0.0
13910,0.0
13911,0.0
13912,0.0
13913,0.0
13914,0.0
13915,0.0
13916,0.0
13917,0.0
13918,0.0
14300,0.0
14301,0.0
14302,0.0
14303,0.0
14304,0.0
14305,0.0
14306,0.0
14307,0.0
14308,0.0
14309,0.0
14310,0.0
14311,0.0
14312,0.0
14313,0.0
14314,0.0
14315,0.0
14316,0.0
14317,0.0
14318,0.0
14400,0.0
14401,0.0
14402,0.0
14403,0.0
14404,0.0
14405,0.0
14406,0.2
14407,0.0
14408,0.8
14409,0.2
14410,0.2
14411,0.0
14412,0.0
14413,0.0
14414,0.2
14415,0.0
14416,0.0
14417,0.0
14418,0.0
15400,0.0
15401,0.4
15402,0.0
15403,0.0
15404,0.0
15405,0.0
15406,0.0
15407,0.2
15408,0.0
15409,0.0
15410,0.2
15411,0.2
15412,0.2
15413,0.0
15414,0.0
15415,0.0
15416,0.0
15417,0.2
15418,0.0
15600,0.0
15601,0.0
15602,0.0
15603,0.0
15604,0.0
15605,0.0
15606,0.0
15607,0.0
15608,0.0
15609,0.0
15610,0.0
15611,0.0
15612,0.0
15613,0.0
15614,0.0
15615,0.0
15616,0.0
15617,0.0
15618,0.0
15700,0.0
15701,0.0
15702,0.0
15703,0.0
15704,0.0
15705,0.0
15706,0.0
15707,0.0
15708,0.0
15709,0.0
15710,0.0
15711,0.0
15712,0.0
15713,0.0
15714,0.0
15715,0.0
15716,0.0
15717,0.0
15718,0.0
15800,0.0
15801,0.0
15802,0.0
15803,0.0
15804,0.0
15805,0.0
15806,0.0
15807,0.0
15808,0.0
15809,0.0
15810,0.0
15811,0.0
15812,0.0
15813,0.0
15814,0.0
15815,0.0
15816,0.0
15817,0.0
15818,0.0
15900,0.0
15901,0.0
15902,0.0
15903,0.0
15904,0.0
15905,0.0
15906,0.0
15907,0.0
15908,0.0
15909,0.0
15910,0.0
15911,0.0
15912,0.0
15913,0.0
15914,0.0
15915,0.0
15916,0.0
15917,0.0
15918,0.0
16100,0.0
16101,0.2
16102,0.0
16103,0.0
16104,0.0
16105,0.0
16106,0.0
16107,0.0
16108,0.0
16109,0.2
16110,0.2
16111,0.0
16112,0.0
16113,0.0
16114,0.0
16115,0.0
16116,0.0
16117,0.2
16118,0.0
16200,0.0
16201,0.0
16202,0.0
16203,0.0
16204,0.0
16205,0.0
16206,0.0
16207,0.0
16208,0.0
16209,0.0
16210,0.0
16211,0.0
16212,0.0
16213,0.0
16214,0.0
16215,0.0
16216,0.0
16217,0.0
16218,0.0
16300,0.0
16301,0.4
16302,0.0
16303,0.0
16304,0.0
16305,0.0
16306,0.0
16307,0.0
16308,0.0
16309,0.0
16310,0.0
16311,0.4
16312,0.0
16313,0.0
16314,0.0
16315,0.0
16316,0.0
16317,0.0
16318,0.0
16400,0.0
16401,0.0
16402,0.0
16403,0.0
16404,0.0
16405,0.0
16406,0.0
16407,0.0
16408,0.0
16409,0.0
16410,0.0
16411,0.0
16412,0.0
16413,0.0
16414,0.0
16415,0.0
16416,0.0
16417,0.0
16418,0.0
16500,0.0
16501,0.8
16502,0.0
16503,0.0
16504,0.0
16505,0.0
16506,0.0
16507,0.0
16508,0.0
16509,0.0
16510,0.4
16511,0.8
16512,0.0
16513,0.0
16514,0.0
16515,0.0
16516,0.0
16517,0.0
16518,0.0
16600,0.2
16601,0.2
16602,0.2
16603,0.0
16604,0.2
16605,0.0
16606,0.0
16607,0.0
16608,0.2
16609,0.2
16610,0.4
16611,0.2
16612,0.0
16613,0.0
16614,0.2
16615,0.2
16616,0.0
16617,0.0
16618,0.0
17000,0.0
17001,0.0
17002,0.0
17003,0.0
17004,0.0
17005,0.0
17006,0.0
17007,0.0
17008,0.0
17009,0.0
17010,0.0
17011,0.0
17012,0.0
17013,0.0
17014,0.0
17015,0.0
17016,0.0
17017,0.0
17018,0.0
17100,0.0
17101,0.0
17102,0.0
17103,0.0
17104,0.0
17105,0.0
17106,0.0
17107,0.0
17108,0.0
17109,0.0
17110,0.0
17111,0.0
17112,0.0
17113,0.0
17114,0.0
17115,0.0
17116,0.0
17117,0.0
17118,0.0
17200,0.0
17201,0.0
17202,0.0
17203,0.0
17204,0.0
17205,0.0
17206,0.0
17207,0.0
17208,0.0
17209,0.0
17210,0.0
17211,0.0
17212,0.0
17213,0.0
17214,0.0
17215,0.0
17216,0.0
17217,0.0
17218,0.0
17300,0.0
17301,0.0
17302,0.0
17303,0.0
17304,0.0
17305,0.0
17306,0.0
17307,0.0
17308,0.0
17309,0.0
17310,0.0
17311,0.0
17312,0.0
17313,0.0
17314,0.0
17315,0.0
17316,0.0
17317,0.0
17318,0.0
17400,0.0
17401,0.0
17402,0.0
17403,0.0
17404,0.0
17405,0.0
17406,0.0
17407,0.0
17408,0.0
17409,0.0
17410,0.0
17411,0.0
17412,0.0
17413,0.0
17414,0.0
17415,0.0
17416,0.0
17417,0.0
17418,0.0
17600,0.0
17601,0.4
17602,0.0
17603,0.0
17604,0.2
17605,0.0
17606,0.0
17607,0.0
17608,0.2
17609,0.0
17610,0.2
17611,0.0
17612,0.0
17613,0.0
17614,0.0
17615,0.2
17616,0.0
17617,0.2
17618,0.0
17700,0.0
17701,0.0
17702,0.0
17703,0.0
17704,0.0
17705,0.0
17706,0.0
17707,0.0
17708,0.0
17709,0.0
17710,0.0
17711,0.0
17712,0.0
17713,0.0
17714,0.0
17715,0.0
17716,0.0
17717,0.0
17718,0.0
17900,0.0
17901,0.0
17902,0.0
17903,0.0
17904,0.0
17905,0.0
17906,0.0
17907,0.0
17908,0.0
17909,0.0
17910,0.0
17911,0.0
17912,0.0
17913,0.0
17914,0.0
17915,0.0
17916,0.0
17917,0.0
17918,0.0
18000,0.0
18001,0.0
18002,0.0
18003,0.0
18004,0.0
18005,0.0
18006,0.0
18007,0.0
18008,0.0
18009,0.0
18010,0.0
18011,0.0
18012,0.0
18013,0.0
18014,0.0
18015,0.0
18016,0.0
18017,0.0
18018,0.0
18100,0.0
18101,1.0
18102,0.4
18103,0.0
18104,0.0
18105,0.0
18106,0.0
18107,0.0
18108,0.4
18109,0.0
18110,0.0
18111,0.0
18112,0.0
18113,0.0
18114,0.0
18115,0.0
18116,0.0
18117,0.0
18118,0.0
18200,0.0
18201,0.0
18202,0.0
18203,0.0
18204,0.0
18205,0.0
18206,0.0
18207,0.0
18208,0.0
18209,0.0
18210,0.0
18211,0.0
18212,0.0
18213,0.0
18214,0.0
18215,0.0
18216,0.0
18217,0.0
18218,0.0
18400,0.0
18401,0.0
18402,0.0
18403,0.0
18404,0.0
18405,0.0
18406,0.0
18407,0.0
18408,0.0
18409,0.0
18410,0.0
18411,0.0
18412,0.0
18413,0.0
18414,0.0
18415,0.0
18416,0.0
18417,0.0
18418,0.0
18500,0.0
18501,0.0
18502,0.0
18503,0.0
18504,0.0
18505,0.0
18506,0.0
18507,0.0
18508,0.0
18509,0.0
18510,0.0
18511,0.0
18512,0.0
18513,0.0
18514,0.0
18515,0.0
18516,0.0
18517,0.0
18518,0.0
18700,0.0
18701,0.6
18702,0.0
18703,0.0
18704,0.0
18705,0.0
18706,0.0
18707,0.0
18708,0.0
18709,0.0
18710,0.2
18711,0.0
18712,0.2
18713,0.0
18714,0.0
18715,0.0
18716,0.0
18717,0.2
18718,0.0
18800,0.0
18801,0.0
18802,0.0
18803,0.0
18804,0.0
18805,0.0
18806,0.0
18807,0.0
18808,0.0
18809,0.0
18810,0.0
18811,0.0
18812,0.0
18813,0.0
18814,0.0
18815,0.0
18816,0.0
18817,0.0
18818,0.0
19100,0.0
19101,0.2
19102,0.0
19103,0.0
19104,0.0
19105,0.0
19106,0.0
19107,0.0
19108,0.0
19109,0.0
19110,0.2
19111,0.0
19112,0.0
19113,0.0
19114,0.0
19115,0.0
19116,0.2
19117,0.2
19118,0.0
19500,0.0
19501,0.0
19502,0.0
19503,0.0
19504,0.0
19505,0.0
19506,0.0
19507,0.0
19508,0.0
19509,0.0
19510,0.0
19511,0.0
19512,0.0
19513,0.0
19514,0.0
19515,0.0
19516,0.0
19517,0.0
19518,0.0
19600,0.0
19601,0.8
19602,0.0
19603,0.0
19604,0.0
19605,0.0
19606,0.0
19607,0.0
19608,0.2
19609,0.2
19610,0.4
19611,0.0
19612,0.2
19613,0.0
19614,0.0
19615,0.0
19616,0.0
19617,0.0
19618,0.0
19700,0.0
19701,0.0
19702,0.0
19703,0.0
19704,0.0
19705,0.0
19706,0.0
19707,0.0
19708,0.0
19709,0.0
19710,0.0
19711,0.0
19712,0.0
19713,0.0
19714,0.0
19715,0.0
19716,0.0
19717,0.0
19718,0.0
19800,0.0
19801,0.4
19802,0.8
19803,0.0
19804,0.2
19805,0.0
19806,0.2
19807,0.0
19808,0.2
19809,0.0
19810,0.4
19811,0.2
19812,0.0
19813,0.0
19814,0.2
19815,0.0
19816,0.0
19817,0.0
19818,0.0
20700,0.0
20701,0.0
20702,0.0
20703,0.0
20704,0.0
20705,0.0
20706,0.0
20707,0.0
20708,0.0
20709,0.0
20710,0.0
20711,0.0
20712,0.0
20713,0.0
20714,0.0
20715,0.0
20716,0.0
20717,0.0
20718,0.0
20800,0.0
20801,0.0
20802,0.0
20803,0.0
20804,0.0
20805,0.0
20806,0.0
20807,0.0
20808,0.0
20809,0.2
20810,0.2
20811,0.0
20812,0.0
20813,0.0
20814,0.0
20815,0.0
20816,0.0
20817,0.0
20818,0.2
20900,0.0
20901,0.2
20902,0.0
20903,0.0
20904,0.2
20905,0.0
20906,0.2
20907,0.0
20908,0.0
20909,0.0
20910,0.0
20911,0.0
20912,0.0
20913,0.0
20914,0.2
20915,0.0
20916,0.0
20917,0.0
20918,0.0
21100,0.0
21101,0.0
21102,0.0
21103,0.0
21104,0.0
21105,0.0
21106,0.0
21107,0.0
21108,0.0
21109,0.0
21110,0.0
21111,0.0
21112,0.0
21113,0.0
21114,0.0
21115,0.0
21116,0.0
21117,0.0
21118,0.0
21200,0.0
21201,0.0
21202,0.0
21203,0.0
21204,0.0
21205,0.0
21206,0.0
21207,0.0
21208,0.0
21209,0.0
21210,0.0
21211,0.0
21212,0.0
21213,0.0
21214,0.0
21215,0.0
21216,0.0
21217,0.0
21218,0.0
21400,0.4
21401,0.0
21402,0.4
21403,0.0
21404,0.0
21405,0.0
21406,0.0
21407,0.2
21408,0.4
21409,0.2
21410,0.2
21411,0.0
21412,0.0
21413,0.0
21414,0.2
21415,0.0
21416,0.0
21417,0.0
21418,0.0
21800,0.0
21801,0.0
21802,0.0
21803,0.0
21804,0.0
21805,0.0
21806,0.0
21807,0.0
21808,0.0
21809,0.0
21810,0.0
21811,0.0
21812,0.0
21813,0.0
21814,0.0
21815,0.0
21816,0.0
21817,0.0
21818,0.0
22000,0.0
22001,0.0
22002,0.0
22003,0.0
22004,0.0
22005,0.0
22006,0.0
22007,0.0
22008,0.0
22009,0.0
22010,0.0
22011,0.0
22012,0.0
22013,0.0
22014,0.0
22015,0.0
22016,0.0
22017,0.0
22018,0.0
22300,0.0
22301,0.0
22302,0.0
22303,0.0
22304,0.0
22305,0.0
22306,0.0
22307,0.0
22308,0.0
22309,0.0
22310,0.0
22311,0.0
22312,0.0
22313,0.0
22314,0.0
22315,0.0
22316,0.2
22317,0.0
22318,0.0
22400,0.0
22401,0.0
22402,0.0
22403,0.0
22404,0.0
22405,0.0
22406,0.0
22407,0.0
22408,0.0
22409,0.0
22410,0.0
22411,0.0
22412,0.0
22413,0.0
22414,0.0
22415,0.0
22416,0.0
22417,0.0
22418,0.0
22500,0.0
22501,0.0
22502,0.0
22503,0.0
22504,0.0
22505,0.0
22506,0.0
22507,0.0
22508,0.0
22509,0.0
22510,0.0
22511,0.0
22512,0.0
22513,0.0
22514,0.0
22515,0.0
22516,0.0
22517,0.0
22518,0.0
22600,0.0
22601,0.0
22602,0.0
22603,0.0
22604,0.0
22605,0.0
22606,0.0
22607,0.0
22608,0.0
22609,0.0
22610,0.0
22611,0.0
22612,0.0
22613,0.0
22614,0.0
22615,0.0
22616,0.0
22617,0.0
22618,0.0
22900,0.0
22901,0.2
22902,0.0
22903,0.0
22904,0.0
22905,0.0
22906,0.0
22907,0.2
22908,0.0
22909,0.0
22910,0.0
22911,0.0
22912,0.2
22913,0.0
22914,0.0
22915,0.0
22916,0.0
22917,0.0
22918,0.0
23000,0.0
23001,0.2
23002,0.0
23003,0.0
23004,0.0
23005,0.0
23006,0.0
23007,0.0
23008,0.0
23009,0.0
23010,0.0
23011,0.0
23012,0.2
23013,0.0
23014,0.0
23015,0.0
23016,0.0
23017,0.0
23018,0.0
23200,0.0
23201,0.2
23202,0.0
23203,0.0
23204,0.0
23205,0.0
23206,0.0
23207,0.0
23208,0.0
23209,0.0
23210,0.0
23211,0.2
23212,0.2
23213,0.0
23214,0.0
23215,0.0
23216,0.2
23217,0.0
23218,0.0
23300,0.0
23301,0.0
23302,0.0
23303,0.0
23304,0.0
23305,0.0
23306,0.0
23307,0.0
23308,0.0
23309,0.0
23310,0.0
23311,0.0
23312,0.0
23313,0.0
23314,0.0
23315,0.0
23316,0.0
23317,0.0
23318,0.0
23600,0.0
23601,0.0
23602,0.0
23603,0.0
23604,0.0
23605,0.0
23606,0.0
23607,0.0
23608,0.0
23609,0.0
23610,0.0
23611,0.0
23612,0.0
23613,0.0
23614,0.0
23615,0.0
23616,0.0
23617,0.0
23618,0.0
23700,0.0
23701,0.0
23702,0.0
23703,0.2
23704,0.0
23705,0.2
23706,0.4
23707,0.2
23708,0.6
23709,0.0
23710,0.2
23711,0.0
23712,0.2
23713,0.0
23714,0.2
23715,0.0
23716,0.0
23717,0.0
23718,0.0
23800,0.0
23801,0.2
23802,0.0
23803,0.0
23804,0.0
23805,0.0
23806,0.0
23807,0.0
23808,0.0
23809,0.0
23810,0.0
23811,0.0
23812,0.0
23813,0.0
23814,0.0
23815,0.0
23816,0.0
23817,0.0
23818,0.0
23900,0.0
23901,0.0
23902,0.0
23903,0.0
23904,0.0
23905,0.0
23906,0.0
23907,0.0
23908,0.0
23909,0.0
23910,0.0
23911,0.0
23912,0.0
23913,0.0
23914,0.0
23915,0.0
23916,0.0
23917,0.0
23918,0.0
24100,0.0
24101,0.0
24102,0.0
24103,0.0
24104,0.0
24105,0.0
24106,0.0
24107,0.0
24108,0.0
24109,0.0
24110,0.0
24111,0.0
24112,0.0
24113,0.0
24114,0.0
24115,0.0
24116,0.0
24117,0.0
24118,0.0
24200,0.0
24201,0.0
24202,0.0
24203,0.0
24204,0.0
24205,0.0
24206,0.0
24207,0.0
24208,0.0
24209,0.0
24210,0.0
24211,0.0
24212,0.0
24213,0.0
24214,0.0
24215,0.0
24216,0.0
24217,0.0
24218,0.0
24400,0.0
24401,0.2
24402,0.0
24403,0.0
24404,0.0
24405,0.0
24406,0.0
24407,0.0
24408,0.0
24409,0.0
24410,0.0
24411,0.0
24412,0.0
24413,0.0
24414,0.0
24415,0.0
24416,0.0
24417,0.0
24418,0.0
24500,0.0
24501,0.2
24502,0.0
24503,0.0
24504,0.0
24505,0.0
24506,0.0
24507,0.0
24508,0.0
24509,0.0
24510,0.0
24511,0.0
24512,0.0
24513,0.0
24514,0.0
24515,0.0
24516,0.2
24517,0.0
24518,0.0
24600,0.0
24601,0.8
24602,0.0
24603,0.0
24604,0.0
24605,0.0
24606,0.0
24607,0.0
24608,0.2
24609,0.0
24610,0.2
24611,0.0
24612,0.2
24613,0.0
24614,0.0
24615,0.0
24616,0.0
24617,0.0
24618,0.0
24700,0.0
24701,0.0
24702,0.0
24703,0.0
24704,0.0
24705,0.0
24706,0.0
24707,0.0
24708,0.0
24709,0.0
24710,0.0
24711,0.0
24712,0.0
24713,0.0
24714,0.0
24715,0.0
24716,0.0
24717,0.0
24718,0.0
25300,0.0
25301,0.0
25302,0.0
25303,0.0
25304,0.0
25305,0.0
25306,0.0
25307,0.0
25308,0.0
25309,0.0
25310,0.2
25311,0.0
25312,0.0
25313,0.4
25314,0.4
25315,0.0
25316,0.0
25317,0.0
25318,0.0
25400,0.0
25401,0.0
25402,0.0
25403,0.0
25404,0.0
25405,0.0
25406,0.0
25407,0.0
25408,0.0
25409,0.0
25410,0.0
25411,0.0
25412,0.0
25413,0.0
25414,0.0
25415,0.0
25416,0.0
25417,0.0
25418,0.0
25800,0.0
25801,0.0
25802,0.0
25803,0.0
25804,0.0
25805,0.2
25806,0.4
25807,0.0
25808,0.0
25809,0.2
25810,0.2
25811,0.0
25812,0.0
25813,0.0
25814,0.0
25815,0.0
25816,0.0
25817,0.0
25818,0.0
26000,0.0
26001,0.0
26002,0.0
26003,0.0
26004,0.2
26005,0.0
26006,0.0
26007,0.0
26008,0.0
26009,0.0
26010,0.2
26011,0.0
26012,0.2
26013,0.2
26014,0.2
26015,0.0
26016,0.0
26017,0.0
26018,0.0
26100,0.0
26101,0.0
26102,0.0
26103,0.0
26104,0.0
26105,0.0
26106,0.2
26107,0.0
26108,0.2
26109,0.8
26110,0.4
26111,0.0
26112,0.0
26113,0.0
26114,0.0
26115,0.0
26116,0.0
26117,0.0
26118,0.2
26200,0.0
26201,0.0
26202,0.0
26203,0.0
26204,0.0
26205,0.0
26206,0.0
26207,0.0
26208,0.0
26209,0.0
26210,0.0
26211,0.0
26212,0.0
26213,0.0
26214,0.0
26215,0.0
26216,0.0
26217,0.0
26218,0.0
26300,0.0
26301,0.0
26302,0.0
26303,0.0
26304,0.0
26305,0.0
26306,0.0
26307,0.0
26308,0.0
26309,0.0
26310,0.0
26311,0.0
26312,0.0
26313,0.0
26314,0.0
26315,0.0
26316,0.0
26317,0.0
26318,0.0
26400,0.0
26401,0.0
26402,0.0
26403,0.0
26404,0.4
26405,0.0
26406,0.4
26407,0.0
26408,0.2
26409,0.0
26410,0.8
26411,0.0
26412,0.0
26413,0.0
26414,0.0
26415,0.2
26416,0.0
26417,0.0
26418,0.0
26600,0.0
26601,0.0
26602,0.0
26603,0.0
26604,0.0
26605,0.0
26606,0.0
26607,0.0
26608,0.0
26609,0.0
26610,0.0
26611,0.0
26612,0.0
26613,0.0
26614,0.0
26615,0.0
26616,0.0
26617,0.0
26618,0.0
26700,0.0
26701,0.2
26702,0.2
26703,0.0
26704,0.4
26705,0.2
26706,0.0
26707,0.0
26708,0.2
26709,0.2
26710,0.2
26711,0.0
26712,0.2
26713,0.0
26714,0.0
26715,0.6
26716,0.0
26717,0.2
26718,0.0
26800,0.0
26801,0.0
26802,0.0
26803,0.0
26804,0.0
26805,0.0
26806,0.0
26807,0.0
26808,0.0
26809,0.0
26810,0.0
26811,0.0
26812,0.0
26813,0.0
26814,0.0
26815,0.0
26816,0.0
26817,0.0
26818,0.0
26900,0.0
26901,0.0
26902,0.0
26903,0.0
26904,0.0
26905,0.0
26906,0.0
26907,0.0
26908,0.0
26909,0.0
26910,0.0
26911,0.0
26912,0.0
26913,0.0
26914,0.0
26915,0.0
26916,0.0
26917,0.0
26918,0.0
27000,0.0
27001,0.0
27002,0.0
27003,0.0
27004,0.0
27005,0.0
27006,0.0
27007,0.0
27008,0.0
27009,0.0
27010,0.0
27011,0.0
27012,0.0
27013,0.0
27014,0.0
27015,0.0
27016,0.0
27017,0.0
27018,0.0
27300,0.2
27301,0.0
27302,0.2
27303,0.0
27304,0.0
27305,0.0
27306,0.2
27307,0.0
27308,0.2
27309,0.0
27310,0.2
27311,0.0
27312,0.0
27313,0.2
27314,0.4
27315,0.0
27316,0.2
27317,0.0
27318,0.0
27400,0.0
27401,0.2
27402,0.0
27403,0.0
27404,0.0
27405,0.0
27406,0.0
27407,0.0
27408,0.2
27409,0.2
27410,0.0
27411,0.2
27412,0.0
27413,0.0
27414,0.0
27415,0.0
27416,0.0
27417,0.0
27418,0.0
27500,0.0
27501,0.0
27502,0.2
27503,0.0
27504,0.4
27505,0.0
27506,0.4
27507,0.4
27508,0.0
27509,0.4
27510,0.4
27511,0.0
27512,0.0
27513,0.0
27514,0.0
27515,0.0
27516,0.2
27517,0.0
27518,0.0
27900,0.0
27901,0.2
27902,0.2
27903,0.0
27904,0.0
27905,0.0
27906,0.0
27907,0.0
27908,0.2
27909,0.0
27910,0.0
27911,0.0
27912,0.0
27913,0.0
27914,0.0
27915,0.0
27916,0.0
27917,0.0
27918,0.0
28000,0.0
28001,0.4
28002,0.0
28003,0.0
28004,0.0
28005,0.0
28006,0.2
28007,0.2
28008,0.0
28009,0.0
28010,0.0
28011,0.0
28012,0.0
28013,0.0
28014,0.2
28015,0.0
28016,0.0
28017,0.0
28018,0.0
28100,0.0
28101,0.2
28102,0.4
28103,0.0
28104,0.0
28105,0.0
28106,0.0
28107,0.0
28108,1.0
28109,0.0
28110,0.2
28111,0.2
28112,0.0
28113,0.0
28114,0.2
28115,0.0
28116,0.0
28117,0.0
28118,0.0
28300,0.0
28301,0.0
28302,0.0
28303,0.0
28304,0.0
28305,0.0
28306,0.0
28307,0.0
28308,0.0
28309,0.0
28310,0.0
28311,0.0
28312,0.0
28313,0.0
28314,0.0
28315,0.0
28316,0.0
28317,0.0
28318,0.0
28400,0.0
28401,0.0
28402,0.0
28403,0.0
28404,0.0
28405,0.0
28406,0.0
28407,0.0
28408,0.0
28409,0.0
28410,0.0
28411,0.0
28412,0.0
28413,0.0
28414,0.0
28415,0.0
28416,0.0
28417,0.0
28418,0.0
29000,0.0
29001,0.0
29002,0.0
29003,0.0
29004,0.2
29005,0.4
29006,0.6
29007,0.0
29008,0.2
29009,0.0
29010,0.6
29011,0.0
29012,0.0
29013,0.0
29014,0.0
29015,0.0
29016,0.0
29017,0.0
29018,0.2
29100,0.0
29101,0.0
29102,0.0
29103,0.0
29104,0.0
29105,0.0
29106,0.0
29107,0.0
29108,0.0
29109,0.0
29110,0.0
29111,0.0
29112,0.0
29113,0.0
29114,0.0
29115,0.0
29116,0.0
29117,0.0
29118,0.0
29300,0.0
29301,0.0
29302,0.0
29303,0.0
29304,0.0
29305,0.0
29306,0.0
29307,0.0
29308,0.0
29309,0.0
29310,0.0
29311,0.0
29312,0.0
29313,0.0
29314,0.0
29315,0.0
29316,0.0
29317,0.0
29318,0.0
29600,0.0
29601,0.0
29602,0.2
29603,0.0
29604,0.2
29605,0.0
29606,0.0
29607,0.0
29608,0.0
29609,0.0
29610,0.4
29611,0.2
29612,0.2
29613,0.0
29614,0.2
29615,0.0
29616,0.0
29617,0.0
29618,0.0
29700,0.0
29701,0.0
29702,0.0
29703,0.0
29704,0.0
29705,0.0
29706,0.0
29707,0.0
29708,0.0
29709,0.0
29710,0.2
29711,0.0
29712,0.0
29713,0.2
29714,0.2
29715,0.0
29716,0.0
29717,0.0
29718,0.0
29800,0.0
29801,0.0
29802,0.0
29803,0.0
29804,0.0
29805,0.0
29806,0.0
29807,0.0
29808,0.0
29809,0.0
29810,0.0
29811,0.0
29812,0.0
29813,0.0
29814,0.0
29815,0.0
29816,0.0
29817,0.0
29818,0.0
29900,0.0
29901,0.0
29902,0.0
29903,0.0
29904,0.0
29905,0.0
29906,0.0
29907,0.0
29908,0.0
29909,0.0
29910,0.0
29911,0.0
29912,0.0
29913,0.0
29914,0.0
29915,0.0
29916,0.0
29917,0.0
29918,0.0
30000,0.0
30001,0.0
30002,0.0
30003,0.0
30004,0.0
30005,0.0
30006,0.0
30007,0.0
30008,0.0
30009,0.0
30010,0.0
30011,0.0
30012,0.0
30013,0.0
30014,0.0
30015,0.0
30016,0.0
30017,0.0
30018,0.0
30100,0.0
30101,0.2
30102,0.0
30103,0.0
30104,0.0
30105,0.0
30106,0.0
30107,0.0
30108,0.0
30109,0.2
30110,0.2
30111,0.0
30112,0.0
30113,0.0
30114,0.0
30115,0.0
30116,0.0
30117,0.2
30118,0.0
30300,0.0
30301,0.0
30302,0.0
30303,0.0
30304,0.0
30305,0.0
30306,0.0
30307,0.0
30308,0.0
30309,0.0
30310,0.0
30311,0.0
30312,0.0
30313,0.0
30314,0.0
30315,0.0
30316,0.0
30317,0.0
30318,0.0
30400,0.0
30401,0.0
30402,0.0
30403,0.0
30404,0.0
30405,0.0
30406,0.0
30407,0.0
30408,0.0
30409,0.0
30410,0.0
30411,0.0
30412,0.0
30413,0.0
30414,0.0
30415,0.0
30416,0.0
30417,0.0
30418,0.0
30700,0.0
30701,0.0
30702,0.0
30703,0.0
30704,0.0
30705,0.0
30706,0.0
30707,0.0
30708,0.2
30709,0.0
30710,0.2
30711,0.0
30712,0.0
30713,0.4
30714,0.6
30715,0.0
30716,0.2
30717,0.0
30718,0.0
30800,0.0
30801,0.0
30802,0.0
30803,0.0
30804,0.0
30805,0.0
30806,0.0
30807,0.0
30808,0.0
30809,0.0
30810,0.0
30811,0.0
30812,0.0
30813,0.0
30814,0.0
30815,0.0
30816,0.0
30817,0.0
30818,0.0
31100,0.0
31101,0.0
31102,0.0
31103,0.0
31104,0.0
31105,0.0
31106,0.0
31107,0.0
31108,0.0
31109,0.0
31110,0.0
31111,0.0
31112,0.0
31113,0.0
31114,0.0
31115,0.0
31116,0.0
31117,0.0
31118,0.0
31200,0.0
31201,0.0
31202,0.0
31203,0.0
31204,0.0
31205,0.0
31206,0.0
31207,0.0
31208,0.0
31209,0.0
31210,0.0
31211,0.0
31212,0.0
31213,0.0
31214,0.0
31215,0.0
31216,0.0
31217,0.0
31218,0.0
31600,0.0
31601,0.0
31602,0.0
31603,0.0
31604,0.0
31605,0.0
31606,0.0
31607,0.0
31608,0.0
31609,0.0
31610,0.0
31611,0.0
31612,0.0
31613,0.0
31614,0.0
31615,0.0
31616,0.0
31617,0.0
31618,0.0
31700,0.0
31701,0.0
31702,0.0
31703,0.0
31704,0.2
31705,0.0
31706,0.0
31707,0.0
31708,0.2
31709,0.0
31710,0.2
31711,0.0
31712,0.0
31713,0.0
31714,0.0
31715,0.0
31716,0.0
31717,0.0
31718,0.0
31800,0.0
31801,0.2
31802,0.2
31803,0.0
31804,0.2
31805,0.0
31806,0.2
31807,0.2
31808,0.0
31809,0.4
31810,0.6
31811,0.0
31812,0.0
31813,0.2
31814,0.0
31815,0.0
31816,0.0
31817,0.2
31818,0.2
31900,0.0
31901,0.0
31902,0.0
31903,0.0
31904,0.0
31905,0.0
31906,0.0
31907,0.0
31908,0.0
31909,0.0
31910,0.0
31911,0.0
31912,0.0
31913,0.0
31914,0.0
31915,0.0
31916,0.0
31917,0.0
31918,0.0
32000,0.0
32001,0.0
32002,0.0
32003,0.0
32004,0.0
32005,0.0
32006,0.0
32007,0.0
32008,0.0
32009,0.0
32010,0.0
32011,0.0
32012,0.0
32013,0.0
32014,0.0
32015,0.0
32016,0.0
32017,0.0
32018,0.0
32100,0.0
32101,0.0
32102,0.0
32103,0.0
32104,0.0
32105,0.0
32106,0.0
32107,0.0
32108,0.0
32109,0.0
32110,0.0
32111,0.0
32112,0.0
32113,0.0
32114,0.0
32115,0.0
32116,0.0
32117,0.0
32118,0.0
32800,0.0
32801,0.0
32802,0.0
32803,0.0
32804,0.0
32805,0.0
32806,0.0
32807,0.0
32808,0.0
32809,0.0
32810,0.0
32811,0.0
32812,0.0
32813,0.0
32814,0.0
32815,0.0
32816,0.0
32817,0.0
32818,0.0
33000,0.0
33001,0.0
33002,0.0
33003,0.0
33004,0.0
33005,0.0
33006,0.0
33007,0.0
33008,0.0
33009,0.0
33010,0.0
33011,0.0
33012,0.0
33013,0.0
33014,0.0
33015,0.0
33016,0.0
33017,0.0
33018,0.0
33100,0.0
33101,0.0
33102,0.0
33103,0.0
33104,0.0
33105,0.0
33106,0.0
33107,0.0
33108,0.0
33109,0.0
33110,0.0
33111,0.0
33112,0.0
33113,0.0
33114,0.0
33115,0.0
33116,0.0
33117,0.0
33118,0.0
33500,0.0
33501,0.0
33502,0.0
33503,0.0
33504,0.0
33505,0.0
33506,0.0
33507,0.0
33508,0.0
33509,0.0
33510,0.0
33511,0.0
33512,0.0
33513,0.0
33514,0.0
33515,0.0
33516,0.0
33517,0.0
33518,0.0
33700,0.0
33701,0.0
33702,0.0
33703,0.0
33704,0.0
33705,0.0
33706,0.0
33707,0.0
33708,0.0
33709,0.0
33710,0.0
33711,0.0
33712,0.0
33713,0.0
33714,0.0
33715,0.0
33716,0.0
33717,0.0
33718,0.0
33800,0.0
33801,0.0
33802,0.0
33803,0.0
33804,0.0
33805,0.0
33806,0.0
33807,0.0
33808,0.0
33809,0.0
33810,0.0
33811,0.0
33812,0.0
33813,0.0
33814,0.0
33815,0.0
33816,0.0
33817,0.0
33818,0.0
33900,0.0
33901,0.2
33902,0.0
33903,0.0
33904,0.0
33905,0.0
33906,0.0
33907,0.0
33908,0.0
33909,0.0
33910,0.0
33911,0.0
33912,0.0
33913,0.0
33914,0.0
33915,0.0
33916,0.0
33917,0.0
33918,0.0
34000,0.0
34001,0.2
34002,0.8
34003,0.0
34004,0.2
34005,0.0
34006,0.2
34007,0.0
34008,0.2
34009,0.0
34010,0.4
34011,0.2
34012,0.0
34013,0.0
34014,0.2
34015,0.0
34016,0.0
34017,0.0
34018,0.0
34200,0.0
34201,0.2
34202,0.0
34203,0.0
34204,0.0
34205,0.0
34206,0.0
34207,0.0
34208,0.0
34209,0.0
34210,0.2
34211,0.2
34212,0.4
34213,0.0
34214,0.0
34215,0.0
34216,0.0
34217,0.0
34218,0.0
34300,0.0
34301,0.0
34302,0.0
34303,0.0
34304,0.0
34305,0.0
34306,0.0
34307,0.0
34308,0.0
34309,0.0
34310,0.0
34311,0.0
34312,0.0
34313,0.0
34314,0.0
34315,0.0
34316,0.0
34317,0.0
34318,0.0
34400,0.0
34401,0.0
34402,0.0
34403,0.0
34404,0.0
34405,0.0
34406,0.0
34407,0.0
34408,0.0
34409,0.0
34410,0.0
34411,0.0
34412,0.0
34413,0.0
34414,0.0
34415,0.0
34416,0.0
34417,0.0
34418,0.0
34500,0.0
34501,0.0
34502,0.0
34503,0.0
34504,0.0
34505,0.0
34506,0.0
34507,0.0
34508,0.0
34509,0.0
34510,0.0
34511,0.0
34512,0.0
34513,0.0
34514,0.0
34515,0.0
34516,0.0
34517,0.0
34518,0.0
34600,0.0
34601,0.0
34602,0.0
34603,0.0
34604,0.0
34605,0.0
34606,0.0
34607,0.0
34608,0.0
34609,0.0
34610,0.0
34611,0.0
34612,0.0
34613,0.0
34614,0.0
34615,0.0
34616,0.0
34617,0.0
34618,0.0
34800,0.0
34801,0.0
34802,0.0
34803,0.0
34804,0.0
34805,0.0
34806,0.2
34807,0.0
34808,0.0
34809,0.0
34810,0.0
34811,0.0
34812,0.0
34813,0.0
34814,0.0
34815,0.0
34816,0.0
34817,0.0
34818,0.0
35000,0.0
35001,0.0
35002,0.0
35003,0.0
35004,0.0
35005,0.0
35006,0.0
35007,0.0
35008,0.0
35009,0.0
35010,0.0
35011,0.0
35012,0.0
35013,0.0
35014,0.0
35015,0.0
35016,0.0
35017,0.0
35018,0.0
35200,0.0
35201,0.4
35202,0.0
35203,0.0
35204,0.0
35205,0.0
35206,0.0
35207,0.6
35208,0.0
35209,0.0
35210,0.2
35211,0.2
35212,0.4
35213,0.0
35214,0.0
35215,0.2
35216,0.0
35217,0.2
35218,0.0
35300,0.0
35301,0.0
35302,0.0
35303,0.0
35304,0.0
35305,0.0
35306,0.0
35307,0.0
35308,0.0
35309,0.0
35310,0.0
35311,0.0
35312,0.0
35313,0.0
35314,0.0
35315,0.0
35316,0.0
35317,0.0
35318,0.0
35500,0.0
35501,0.0
35502,0.0
35503,0.0
35504,0.0
35505,0.0
35506,0.0
35507,0.0
35508,0.0
35509,0.0
35510,0.0
35511,0.0
35512,0.0
35513,0.0
35514,0.0
35515,0.0
35516,0.0
35517,0.0
35518,0.0
35600,0.0
35601,0.0
35602,0.0
35603,0.0
35604,0.0
35605,0.0
35606,0.0
35607,0.0
35608,0.0
35609,0.0
35610,0.0
35611,0.0
35612,0.0
35613,0.0
35614,0.0
35615,0.0
35616,0.0
35617,0.0
35618,0.0
35700,0.0
35701,0.0
35702,0.0
35703,0.0
35704,0.0
35705,0.0
35706,0.0
35707,0.0
35708,0.0
35709,0.0
35710,0.0
35711,0.0
35712,0.0
35713,0.0
35714,0.0
35715,0.0
35716,0.0
35717,0.0
35718,0.0
35900,0.0
35901,0.0
35902,0.0
35903,0.0
35904,0.0
35905,0.0
35906,0.0
35907,0.0
35908,0.0
35909,0.0
35910,0.2
35911,0.0
35912,0.0
35913,0.0
35914,0.0
35915,0.0
35916,0.0
35917,0.0
35918,0.8
36000,0.0
36001,0.0
36002,0.0
36003,0.0
36004,0.2
36005,0.0
36006,0.0
36007,0.0
36008,0.2
36009,0.2
36010,0.4
36011,0.0
36012,0.0
36013,0.2
36014,0.4
36015,0.0
36016,0.0
36017,0.0
36018,0.2
36100,0.0
36101,0.0
36102,0.0
36103,0.0
36104,0.0
36105,0.0
36106,0.0
36107,0.0
36108,0.0
36109,0.0
36110,0.0
36111,0.0
36112,0.0
36113,0.0
36114,0.0
36115,0.0
36116,0.0
36117,0.0
36118,0.0
36600,0.0
36601,0.2
36602,0.0
36603,0.0
36604,0.0
36605,0.0
36606,0.0
36607,0.2
36608,0.0
36609,0.2
36610,0.2
36611,0.0
36612,0.4
36613,0.2
36614,0.0
36615,0.0
36616,0.0
36617,0.0
36618,0.2
37200,0.0
37201,0.2
37202,0.0
37203,0.0
37204,0.0
37205,0.0
37206,0.0
37207,0.0
37208,0.0
37209,0.2
37210,0.2
37211,0.0
37212,0.2
37213,0.0
37214,0.0
37215,0.0
37216,0.0
37217,0.4
37218,0.4
37400,0.0
37401,0.0
37402,0.0
37403,0.0
37404,0.0
37405,0.0
37406,0.0
37407,0.0
37408,0.0
37409,0.0
37410,0.0
37411,0.0
37412,0.0
37413,0.0
37414,0.0
37415,0.0
37416,0.0
37417,0.0
37418,0.0
37500,0.0
37501,0.0
37502,0.0
37503,0.0
37504,0.0
37505,0.0
37506,0.0
37507,0.0
37508,0.0
37509,0.0
37510,0.0
37511,0.0
37512,0.0
37513,0.0
37514,0.0
37515,0.0
37516,0.0
37517,0.0
37518,0.0
37600,0.4
37601,0.0
37602,0.2
37603,0.0
37604,0.0
37605,0.0
37606,0.0
37607,0.0
37608,0.2
37609,0.2
37610,0.2
37611,0.0
37612,0.0
37613,0.2
37614,0.4
37615,0.0
37616,0.0
37617,0.0
37618,0.0
37700,0.0
37701,0.0
37702,0.2
37703,0.2
37704,0.0
37705,0.0
37706,0.2
37707,0.2
37708,0.2
37709,0.0
37710,0.2
37711,0.0
37712,0.2
37713,0.0
37714,0.0
37715,0.0
37716,0.0
37717,0.0
37718,0.2
38100,0.0
38101,0.0
38102,0.0
38103,0.0
38104,0.0
38105,0.0
38106,0.0
38107,0.0
38108,0.0
38109,0.0
38110,0.0
38111,0.0
38112,0.0
38113,0.0
38114,0.0
38115,0.0
38116,0.0
38117,0.0
38118,0.0
38200,0.0
38201,0.0
38202,0.0
38203,0.0
38204,0.0
38205,0.0
38206,0.0
38207,0.0
38208,0.0
38209,0.0
38210,0.0
38211,0.0
38212,0.0
38213,0.0
38214,0.0
38215,0.0
38216,0.0
38217,0.0
38218,0.0
38300,0.0
38301,0.0
38302,0.0
38303,0.0
38304,0.0
38305,0.0
38306,0.0
38307,0.0
38308,0.0
38309,0.0
38310,0.0
38311,0.0
38312,0.0
38313,0.0
38314,0.0
38315,0.0
38316,0.0
38317,0.0
38318,0.0
38400,0.0
38401,0.0
38402,0.0
38403,0.0
38404,0.0
38405,0.0
38406,0.0
38407,0.0
38408,0.0
38409,0.0
38410,0.0
38411,0.0
38412,0.0
38413,0.0
38414,0.0
38415,0.0
38416,0.0
38417,0.0
38418,0.0
38600,0.0
38601,0.0
38602,0.0
38603,0.0
38604,0.0
38605,0.0
38606,0.0
38607,0.0
38608,0.0
38609,0.0
38610,0.0
38611,0.0
38612,0.0
38613,0.0
38614,0.0
38615,0.0
38616,0.0
38617,0.0
38618,0.0
38800,0.0
38801,0.0
38802,0.0
38803,0.0
38804,0.0
38805,0.0
38806,0.0
38807,0.0
38808,0.0
38809,0.0
38810,0.0
38811,0.0
38812,0.0
38813,0.0
38814,0.0
38815,0.0
38816,0.0
38817,0.0
38818,0.0
39100,0.0
39101,0.2
39102,0.0
39103,0.0
39104,0.0
39105,0.0
39106,0.0
39107,0.0
39108,0.0
39109,0.0
39110,0.4
39111,0.0
39112,0.0
39113,0.0
39114,0.0
39115,0.0
39116,0.0
39117,0.2
39118,0.0
39200,0.0
39201,0.0
39202,0.0
39203,0.0
39204,0.0
39205,0.0
39206,0.0
39207,0.0
39208,0.0
39209,0.0
39210,0.0
39211,0.0
39212,0.0
39213,0.0
39214,0.0
39215,0.0
39216,0.0
39217,0.0
39218,0.0
39300,0.0
39301,0.0
39302,0.0
39303,0.0
39304,0.0
39305,0.0
39306,0.0
39307,0.0
39308,0.0
39309,0.0
39310,0.0
39311,0.0
39312,0.0
39313,0.0
39314,0.0
39315,0.0
39316,0.0
39317,0.0
39318,0.0
39400,0.0
39401,0.4
39402,0.2
39403,0.0
39404,0.0
39405,0.2
39406,0.0
39407,0.0
39408,0.0
39409,0.2
39410,0.0
39411,0.0
39412,0.2
39413,0.0
39414,0.0
39415,0.0
39416,0.0
39417,0.0
39418,0.0
39600,0.0
39601,0.0
39602,0.0
39603,0.0
39604,0.0
39605,0.0
39606,0.0
39607,0.0
39608,0.0
39609,0.0
39610,0.0
39611,0.0
39612,0.0
39613,0.0
39614,0.0
39615,0.0
39616,0.0
39617,0.0
39618,0.0
39700,0.0
39701,0.0
39702,0.0
39703,0.0
39704,0.0
39705,0.0
39706,0.0
39707,0.0
39708,0.0
39709,0.0
39710,0.0
39711,0.0
39712,0.0
39713,0.0
39714,0.0
39715,0.0
39716,0.0
39717,0.0
39718,0.0
39900,0.0
39901,0.0
39902,0.0
39903,0.0
39904,0.0
39905,0.0
39906,0.0
39907,0.0
39908,0.0
39909,0.0
39910,0.0
39911,0.0
39912,0.0
39913,0.0
39914,0.0
39915,0.0
39916,0.0
39917,0.0
39918,0.0
40000,0.2
40001,0.0
40002,0.2
40003,0.0
40004,0.0
40005,0.0
40006,0.2
40007,0.0
40008,0.2
40009,0.0
40010,0.2
40011,0.0
40012,0.0
40013,0.2
40014,0.4
40015,0.0
40016,0.2
40017,0.0
40018,0.0
40200,0.0
40201,0.0
40202,0.0
40203,0.0
40204,0.0
40205,0.0
40206,0.0
40207,0.0
40208,0.0
40209,0.0
40210,0.0
40211,0.0
40212,0.0
40213,0.0
40214,0.0
40215,0.0
40216,0.0
40217,0.0
40218,0.0
40500,0.0
40501,0.0
40502,0.0
40503,0.0
40504,0.0
40505,0.0
40506,0.0
40507,0.0
40508,0.0
40509,0.0
40510,0.0
40511,0.0
40512,0.0
40513,0.0
40514,0.0
40515,0.0
40516,0.0
40517,0.0
40518,0.0
40600,0.0
40601,0.0
40602,0.0
40603,0.0
40604,0.0
40605,0.0
40606,0.0
40607,0.0
40608,0.0
40609,0.0
40610,0.0
40611,0.0
40612,0.0
40613,0.0
40614,0.0
40615,0.0
40616,0.0
40617,0.0
40618,0.0
41800,0.0
41801,0.2
41802,0.0
41803,0.0
41804,0.4
41805,0.0
41806,0.0
41807,0.0
41808,0.0
41809,0.0
41810,0.0
41811,0.2
41812,0.2
41813,0.2
41814,0.2
41815,0.4
41816,0.2
41817,0.2
41818,0.0
42000,0.0
42001,0.0
42002,0.0
42003,0.0
42004,0.0
42005,0.0
42006,0.0
42007,0.0
42008,0.0
42009,0.0
42010,0.0
42011,0.0
42012,0.0
42013,0.0
42014,0.0
42015,0.0
42016,0.0
42017,0.0
42018,0.0
42700,0.0
42701,0.0
42702,0.0
42703,0.0
42704,0.0
42705,0.0
42706,0.0
42707,0.0
42708,0.0
42709,0.0
42710,0.0
42711,0.0
42712,0.0
42713,0.0
42714,0.0
42715,0.0
42716,0.0
42717,0.0
42718,0.0
42900,0.0
42901,0.0
42902,0.0
42903,0.0
42904,0.0
42905,0.0
42906,0.0
42907,0.0
42908,0.0
42909,0.0
42910,0.0
42911,0.0
42912,0.0
42913,0.0
42914,0.0
42915,0.0
42916,0.0
42917,0.0
42918,0.0
43600,0.0
43601,0.2
43602,0.0
43603,0.0
43604,0.0
43605,0.0
43606,0.0
43607,0.0
43608,0.0
43609,0.0
43610,0.2
43611,0.0
43612,0.0
43613,0.0
43614,0.0
43615,0.0
43616,0.0
43617,0.0
43618,0.0
44200,0.0
44201,0.2
44202,0.0
44203,0.0
44204,0.0
44205,0.2
44206,0.2
44207,0.0
44208,0.0
44209,0.0
44210,1.0
44211,0.0
44212,0.0
44213,0.0
44214,0.0
44215,0.0
44216,0.0
44217,0.0
44218,0.0
44500,0.0
44501,0.0
44502,0.0
44503,0.0
44504,0.0
44505,0.0
44506,0.0
44507,0.0
44508,0.0
44509,0.0
44510,0.0
44511,0.0
44512,0.0
44513,0.0
44514,0.0
44515,0.0
44516,0.0
44517,0.0
44518,0.0
44700,0.0
44701,0.0
44702,0.0
44703,0.0
44704,0.0
44705,0.0
44706,0.0
44707,0.0
44708,0.0
44709,0.0
44710,0.0
44711,0.0
44712,0.0
44713,0.0
44714,0.0
44715,0.0
44716,0.0
44717,0.0
44718,0.0
44900,0.4
44901,0.2
44902,0.2
44903,0.0
44904,0.0
44905,0.0
44906,0.0
44907,0.2
44908,0.2
44909,0.2
44910,0.0
44911,0.0
44912,0.0
44913,0.0
44914,0.0
44915,0.0
44916,0.0
44917,0.0
44918,0.0
45200,0.0
45201,0.0
45202,0.0
45203,0.0
45204,0.0
45205,0.0
45206,0.4
45207,0.0
45208,0.0
45209,0.0
45210,0.0
45211,0.0
45212,0.2
45213,0.0
45214,0.0
45215,0.0
45216,0.0
45217,0.0
45218,0.2
45300,0.0
45301,0.4
45302,0.0
45303,0.0
45304,0.0
45305,0.0
45306,0.0
45307,0.0
45308,0.0
45309,0.2
45310,0.0
45311,0.0
45312,0.0
45313,0.0
45314,0.0
45315,0.0
45316,0.0
45317,0.0
45318,0.0
45500,0.0
45501,0.8
45502,0.2
45503,0.0
45504,0.2
45505,0.2
45506,0.2
45507,0.0
45508,0.0
45509,0.2
45510,0.0
45511,0.0
45512,0.0
45513,0.0
45514,0.2
45515,0.2
45516,0.0
45517,0.0
45518,0.0
45600,0.0
45601,0.0
45602,0.0
45603,0.0
45604,0.0
45605,0.0
45606,0.0
45607,0.0
45608,0.0
45609,0.0
45610,0.0
45611,0.0
45612,0.0
45613,0.0
45614,0.0
45615,0.0
45616,0.0
45617,0.0
45618,0.0
46100,0.0
46101,0.2
46102,0.0
46103,0.0
46104,0.0
46105,0.0
46106,0.0
46107,0.0
46108,0.0
46109,0.0
46110,0.0
46111,0.0
46112,0.0
46113,0.0
46114,0.0
46115,0.0
46116,0.0
46117,0.0
46118,0.0
46300,0.0
46301,0.0
46302,0.0
46303,0.0
46304,0.0
46305,0.0
46306,0.0
46307,0.0
46308,0.0
46309,0.0
46310,0.0
46311,0.0
46312,0.0
46313,0.0
46314,0.0
46315,0.0
46316,0.0
46317,0.0
46318,0.0
46500,0.0
46501,0.2
46502,0.0
46503,0.0
46504,0.2
46505,0.0
46506,0.0
46507,0.0
46508,0.2
46509,0.0
46510,0.4
46511,0.0
46512,0.0
46513,0.0
46514,0.2
46515,0.0
46516,0.0
46517,0.2
46518,0.0
46900,0.0
46901,0.0
46902,0.0
46903,0.0
46904,0.0
46905,0.0
46906,0.0
46907,0.0
46908,0.0
46909,0.0
46910,0.0
46911,0.0
46912,0.0
46913,0.0
46914,0.0
46915,0.0
46916,0.0
46917,0.0
46918,0.0
47000,0.0
47001,0.0
47002,0.4
47003,0.0
47004,0.0
47005,0.0
47006,0.2
47007,0.2
47008,0.4
47009,0.0
47010,0.0
47011,0.0
47012,0.0
47013,0.0
47014,0.0
47015,0.0
47016,0.0
47017,0.0
47018,0.0
47100,0.0
47101,0.0
47102,0.0
47103,0.0
47104,0.0
47105,0.0
47106,0.0
47107,0.0
47108,0.2
47109,0.0
47110,0.2
47111,0.0
47112,0.0
47113,0.0
47114,0.2
47115,0.0
47116,0.0
47117,0.0
47118,0.0
47200,0.0
47201,0.4
47202,0.6
47203,0.0
47204,0.2
47205,0.0
47206,0.2
47207,0.0
47208,0.4
47209,0.0
47210,0.6
47211,0.0
47212,0.0
47213,0.0
47214,0.2
47215,0.0
47216,0.0
47217,0.2
47218,0.0
47300,0.0
47301,0.0
47302,0.0
47303,0.0
47304,0.0
47305,0.0
47306,0.0
47307,0.0
47308,0.0
47309,0.0
47310,0.0
47311,0.0
47312,0.0
47313,0.0
47314,0.0
47315,0.0
47316,0.0
47317,0.0
47318,0.0
47600,0.0
47601,0.4
47602,0.2
47603,0.0
47604,0.0
47605,0.2
47606,0.0
47607,0.2
47608,0.2
47609,0.0
47610,0.0
47611,0.0
47612,0.4
47613,0.2
47614,0.2
47615,0.0
47616,0.0
47617,0.0
47618,0.0
47700,0.0
47701,0.0
47702,0.0
47703,0.0
47704,0.0
47705,0.0
47706,0.0
47707,0.0
47708,0.0
47709,0.0
47710,0.0
47711,0.0
47712,0.0
47713,0.0
47714,0.0
47715,0.0
47716,0.0
47717,0.0
47718,0.0
47800,0.0
47801,0.0
47802,0.0
47803,0.0
47804,0.0
47805,0.0
47806,0.0
47807,0.0
47808,0.0
47809,0.0
47810,0.0
47811,0.0
47812,0.0
47813,0.0
47814,0.0
47815,0.0
47816,0.0
47817,0.0
47818,0.0
47900,0.0
47901,0.0
47902,0.0
47903,0.0
47904,0.0
47905,0.0
47906,0.0
47907,0.0
47908,0.0
47909,0.0
47910,0.0
47911,0.0
47912,0.0
47913,0.0
47914,0.0
47915,0.0
47916,0.0
47917,0.0
47918,0.0
48200,0.0
48201,0.0
48202,0.0
48203,0.0
48204,0.0
48205,0.0
48206,0.2
48207,0.0
48208,0.0
48209,0.2
48210,0.6
48211,0.0
48212,0.4
48213,0.2
48214,0.0
48215,0.0
48216,0.0
48217,0.0
48218,0.6
48600,0.0
48601,0.4
48602,0.2
48603,0.0
48604,0.0
48605,0.0
48606,0.2
48607,0.2
48608,0.2
48609,0.2
48610,0.2
48611,0.2
48612,0.4
48613,0.0
48614,0.2
48615,0.0
48616,0.0
48617,0.0
48618,0.0
48700,0.0
48701,0.8
48702,0.0
48703,0.0
48704,0.0
48705,0.0
48706,0.0
48707,0.0
48708,0.0
48709,0.0
48710,0.4
48711,0.8
48712,0.0
48713,0.0
48714,0.0
48715,0.0
48716,0.0
48717,0.0
48718,0.0
49100,0.0
49101,0.2
49102,0.4
49103,0.0
49104,0.0
49105,0.4
49106,0.0
49107,0.0
49108,0.0
49109,0.4
49110,0.2
49111,0.0
49112,0.4
49113,0.0
49114,0.2
49115,0.2
49116,0.0
49117,0.2
49118,0.0
49200,0.0
49201,0.0
49202,0.0
49203,0.0
49204,0.0
49205,0.0
49206,0.0
49207,0.0
49208,0.0
49209,0.0
49210,0.0
49211,0.0
49212,0.0
49213,0.0
49214,0.0
49215,0.0
49216,0.0
49217,0.0
49218,0.0
49600,0.0
49601,0.0
49602,0.0
49603,0.0
49604,0.2
49605,0.0
49606,0.0
49607,0.0
49608,0.4
49609,0.0
49610,0.4
49611,0.0
49612,0.8
49613,0.2
49614,0.4
49615,0.0
49616,0.0
49617,0.0
49618,0.0
49700,0.0
49701,0.2
49702,0.0
49703,0.0
49704,0.0
49705,0.0
49706,0.0
49707,0.0
49708,0.0
49709,0.2
49710,0.2
49711,0.0
49712,0.0
49713,0.0
49714,0.0
49715,0.0
49716,0.0
49717,0.2
49718,0.0
49900,0.0
49901,0.0
49902,0.0
49903,0.0
49904,0.0
49905,0.0
49906,0.0
49907,0.0
49908,0.0
49909,0.0
49910,0.0
49911,0.0
49912,0.0
49913,0.0
49914,0.0
49915,0.0
49916,0.0
49917,0.0
49918,0.0
50100,0.0
50101,0.0
50102,0.0
50103,0.0
50104,0.0
50105,0.0
50106,0.0
50107,0.0
50108,0.0
50109,0.0
50110,0.0
50111,0.0
50112,0.0
50113,0.0
50114,0.0
50115,0.0
50116,0.0
50117,0.0
50118,0.0
50300,0.0
50301,0.0
50302,0.0
50303,0.0
50304,0.0
50305,0.0
50306,0.0
50307,0.0
50308,0.0
50309,0.0
50310,0.0
50311,0.0
50312,0.0
50313,0.0
50314,0.0
50315,0.0
50316,0.0
50317,0.0
50318,0.0
50400,0.0
50401,0.0
50402,0.2
50403,0.0
50404,0.4
50405,0.0
50406,0.4
50407,0.4
50408,0.0
50409,0.4
50410,0.4
50411,0.0
50412,0.0
50413,0.0
50414,0.0
50415,0.0
50416,0.2
50417,0.0
50418,0.0
50600,0.0
50601,0.4
50602,0.0
50603,0.0
50604,0.0
50605,0.0
50606,0.0
50607,0.0
50608,0.0
50609,0.0
50610,0.2
50611,0.0
50612,0.2
50613,0.0
50614,0.0
50615,0.0
50616,0.0
50617,0.2
50618,0.0
50800,0.0
50801,0.0
50802,0.0
50803,0.0
50804,0.0
50805,0.0
50806,0.0
50807,0.0
50808,0.0
50809,0.0
50810,0.0
50811,0.0
50812,0.0
50813,0.0
50814,0.0
50815,0.0
50816,0.0
50817,0.0
50818,0.0
50900,0.0
50901,0.2
50902,0.0
50903,0.0
50904,0.0
50905,0.0
50906,0.0
50907,0.0
50908,0.0
50909,0.0
50910,0.2
50911,0.0
50912,0.0
50913,0.2
50914,0.2
50915,0.0
50916,0.0
50917,0.0
50918,0.0
51000,0.0
51001,0.0
51002,0.0
51003,0.0
51004,0.0
51005,0.0
51006,0.0
51007,0.0
51008,0.0
51009,0.0
51010,0.0
51011,0.0
51012,0.0
51013,0.0
51014,0.0
51015,0.0
51016,0.0
51017,0.0
51018,0.0
51200,0.0
51201,0.4
51202,0.0
51203,0.0
51204,0.0
51205,0.0
51206,0.0
51207,0.0
51208,0.0
51209,0.0
51210,0.2
51211,0.0
51212,0.0
51213,0.0
51214,0.0
51215,0.0
51216,0.0
51217,0.2
51218,0.0
51600,0.0
51601,0.2
51602,0.0
51603,0.0
51604,0.0
51605,0.0
51606,0.0
51607,0.0
51608,0.0
51609,0.2
51610,0.2
51611,0.0
51612,0.0
51613,0.0
51614,0.0
51615,0.0
51616,0.0
51617,0.2
51618,0.0
51800,0.0
51801,0.0
51802,0.0
51803,0.0
51804,0.0
51805,0.0
51806,0.0
51807,0.0
51808,0.0
51809,0.0
51810,0.0
51811,0.0
51812,0.0
51813,0.0
51814,0.0
51815,0.0
51816,0.0
51817,0.0
51818,0.0
52000,0.0
52001,0.0
52002,0.0
52003,0.0
52004,0.0
52005,0.0
52006,0.0
52007,0.0
52008,0.0
52009,0.0
52010,0.0
52011,0.0
52012,0.0
52013,0.0
52014,0.0
52015,0.0
52016,0.0
52017,0.0
52018,0.0
52100,0.0
52101,0.0
52102,0.0
52103,0.0
52104,0.0
52105,0.0
52106,0.0
52107,0.0
52108,0.0
52109,0.0
52110,0.0
52111,0.0
52112,0.0
52113,0.0
52114,0.0
52115,0.0
52116,0.0
52117,0.0
52118,0.0
52500,0.0
52501,0.0
52502,0.0
52503,0.0
52504,0.0
52505,0.0
52506,0.0
52507,0.0
52508,0.0
52509,0.2
52510,0.0
52511,0.0
52512,0.0
52513,0.0
52514,0.0
52515,0.0
52516,0.0
52517,0.0
52518,0.0
52600,0.0
52601,0.0
52602,0.2
52603,0.0
52604,0.6
52605,0.0
52606,0.6
52607,0.4
52608,0.0
52609,0.4
52610,0.6
52611,0.0
52612,0.0
52613,0.0
52614,0.0
52615,0.0
52616,0.0
52617,0.0
52618,0.0
52700,0.0
52701,0.0
52702,0.0
52703,0.0
52704,0.0
52705,0.0
52706,0.0
52707,0.0
52708,0.0
52709,0.0
52710,0.0
52711,0.0
52712,0.0
52713,0.0
52714,0.0
52715,0.0
52716,0.0
52717,0.0
52718,0.0
53200,0.0
53201,0.0
53202,0.0
53203,0.0
53204,0.0
53205,0.0
53206,0.0
53207,0.0
53208,0.0
53209,0.0
53210,0.0
53211,0.0
53212,0.0
53213,0.0
53214,0.0
53215,0.0
53216,0.0
53217,0.0
53218,0.0
53300,0.0
53301,0.4
53302,0.0
53303,0.0
53304,0.0
53305,0.0
53306,0.4
53307,0.0
53308,0.2
53309,0.4
53310,0.2
53311,0.0
53312,0.0
53313,0.0
53314,0.2
53315,0.0
53316,0.0
53317,0.0
53318,0.0
53400,0.0
53401,0.0
53402,0.0
53403,0.0
53404,0.0
53405,0.0
53406,0.0
53407,0.0
53408,0.0
53409,0.2
53410,0.0
53411,0.0
53412,0.2
53413,0.0
53414,0.0
53415,0.0
53416,0.2
53417,0.4
53418,0.2
53600,0.0
53601,0.0
53602,0.0
53603,0.0
53604,0.0
53605,0.0
53606,0.0
53607,0.0
53608,0.0
53609,0.0
53610,0.0
53611,0.0
53612,0.0
53613,0.0
53614,0.0
53615,0.0
53616,0.0
53617,0.0
53618,0.0
53900,0.0
53901,0.4
53902,0.0
53903,0.0
53904,0.0
53905,0.0
53906,0.0
53907,0.0
53908,0.0
53909,0.6
53910,0.2
53911,0.0
53912,0.0
53913,0.0
53914,0.0
53915,0.0
53916,0.0
53917,0.2
53918,0.2
54100,0.0
54101,0.0
54102,0.0
54103,0.0
54104,0.0
54105,0.0
54106,0.0
54107,0.0
54108,0.0
54109,0.0
54110,0.0
54111,0.0
54112,0.0
54113,0.0
54114,0.0
54115,0.0
54116,0.0
54117,0.0
54118,0.0
54200,0.0
54201,0.0
54202,0.0
54203,0.0
54204,0.0
54205,0.0
54206,0.0
54207,0.0
54208,0.0
54209,0.0
54210,0.0
54211,0.0
54212,0.0
54213,0.0
54214,0.0
54215,0.0
54216,0.0
54217,0.0
54218,0.0
54300,0.0
54301,0.0
54302,0.0
54303,0.0
54304,0.0
54305,0.0
54306,0.0
54307,0.0
54308,0.0
54309,0.0
54310,0.0
54311,0.0
54312,0.0
54313,0.0
54314,0.0
54315,0.0
54316,0.0
54317,0.0
54318,0.0
54400,0.0
54401,0.0
54402,0.0
54403,0.0
54404,0.0
54405,0.0
54406,0.0
54407,0.0
54408,0.0
54409,0.0
54410,0.0
54411,0.0
54412,0.0
54413,0.0
54414,0.0
54415,0.0
54416,0.0
54417,0.0
54418,0.0
54600,0.0
54601,0.0
54602,0.0
54603,0.0
54604,0.0
54605,0.0
54606,0.0
54607,0.0
54608,0.0
54609,0.0
54610,0.0
54611,0.0
54612,0.0
54613,0.0
54614,0.0
54615,0.0
54616,0.0
54617,0.0
54618,0.0
55000,0.0
55001,0.0
55002,0.0
55003,0.0
55004,0.0
55005,0.0
55006,0.0
55007,0.0
55008,0.0
55009,0.0
55010,0.0
55011,0.0
55012,0.0
55013,0.0
55014,0.0
55015,0.0
55016,0.0
55017,0.0
55018,0.0
55200,0.0
55201,0.2
55202,0.0
55203,0.0
55204,0.0
55205,0.0
55206,0.0
55207,0.0
55208,0.0
55209,0.2
55210,0.2
55211,0.0
55212,0.0
55213,0.0
55214,0.0
55215,0.0
55216,0.0
55217,0.2
55218,0.0
55400,0.0
55401,0.2
55402,0.0
55403,0.0
55404,0.0
55405,0.0
55406,0.0
55407,0.0
55408,0.0
55409,0.0
55410,0.0
55411,0.0
55412,0.0
55413,0.0
55414,0.0
55415,0.0
55416,0.0
55417,0.2
55418,0.0
55500,0.0
55501,0.8
55502,0.2
55503,0.0
55504,0.0
55505,0.2
55506,0.2
55507,0.0
55508,0.2
55509,0.2
55510,0.2
55511,0.0
55512,0.0
55513,0.0
55514,0.0
55515,0.0
55516,0.0
55517,0.2
55518,0.0
55600,0.0
55601,0.2
55602,0.0
55603,0.0
55604,0.0
55605,0.0
55606,0.0
55607,0.0
55608,0.0
55609,0.0
55610,0.0
55611,0.0
55612,0.0
55613,0.0
55614,0.0
55615,0.0
55616,0.0
55617,0.0
55618,0.0
56200,0.0
56201,0.0
56202,0.0
56203,0.0
56204,0.2
56205,0.0
56206,0.0
56207,0.0
56208,0.0
56209,0.0
56210,0.0
56211,0.0
56212,0.0
56213,0.4
56214,0.4
56215,0.0
56216,0.2
56217,0.0
56218,0.0
56500,0.0
56501,0.0
56502,0.0
56503,0.0
56504,0.0
56505,0.0
56506,0.0
56507,0.0
56508,0.0
56509,0.0
56510,0.0
56511,0.0
56512,0.0
56513,0.0
56514,0.0
56515,0.0
56516,0.0
56517,0.0
56518,0.0
56700,0.0
56701,0.0
56702,0.0
56703,0.0
56704,0.0
56705,0.0
56706,0.0
56707,0.0
56708,0.0
56709,0.0
56710,0.0
56711,0.0
56712,0.0
56713,0.0
56714,0.0
56715,0.0
56716,0.0
56717,0.0
56718,0.0
56800,0.0
56801,0.0
56802,0.0
56803,0.0
56804,0.0
56805,0.0
56806,0.0
56807,0.0
56808,0.0
56809,0.0
56810,0.0
56811,0.0
56812,0.0
56813,0.0
56814,0.0
56815,0.0
56816,0.2
56817,0.0
56818,0.0
57000,0.0
57001,0.0
57002,0.0
57003,0.0
57004,0.0
57005,0.0
57006,0.2
57007,0.0
57008,0.8
57009,0.2
57010,0.2
57011,0.0
57012,0.0
57013,0.0
57014,0.2
57015,0.0
57016,0.0
57017,0.0
57018,0.0
57100,0.2
57101,0.0
57102,0.0
57103,0.0
57104,0.0
57105,0.0
57106,0.0
57107,0.2
57108,0.2
57109,0.0
57110,0.2
57111,0.0
57112,0.0
57113,0.2
57114,0.4
57115,0.0
57116,0.0
57117,0.0
57118,0.0
57200,0.0
57201,0.0
57202,0.0
57203,0.0
57204,0.0
57205,0.0
57206,0.0
57207,0.0
57208,0.0
57209,0.0
57210,0.0
57211,0.0
57212,0.0
57213,0.0
57214,0.0
57215,0.0
57216,0.0
57217,0.0
57218,0.0
57300,0.0
57301,0.0
57302,0.0
57303,0.0
57304,0.0
57305,0.0
57306,0.0
57307,0.0
57308,0.0
57309,0.0
57310,0.0
57311,0.0
57312,0.0
57313,0.0
57314,0.0
57315,0.0
57316,0.0
57317,0.0
57318,0.0
57500,0.0
57501,0.0
57502,0.0
57503,0.0
57504,0.0
57505,0.0
57506,0.0
57507,0.0
57508,0.0
57509,0.0
57510,0.0
57511,0.0
57512,0.0
57513,0.0
57514,0.0
57515,0.0
57516,0.0
57517,0.0
57518,0.0
57900,0.0
57901,0.0
57902,0.0
57903,0.0
57904,0.0
57905,0.0
57906,0.2
57907,0.0
57908,0.0
57909,0.2
57910,0.4
57911,0.0
57912,0.4
57913,0.4
57914,0.2
57915,0.0
57916,0.0
57917,0.0
57918,0.4
58000,0.0
58001,0.0
58002,0.0
58003,0.0
58004,0.0
58005,0.0
58006,0.0
58007,0.0
58008,0.0
58009,0.0
58010,0.0
58011,0.0
58012,0.0
58013,0.0
58014,0.0
58015,0.0
58016,0.0
58017,0.0
58018,0.0
58200,0.0
58201,0.0
58202,0.0
58203,0.0
58204,0.0
58205,0.0
58206,0.2
58207,0.0
58208,0.0
58209,0.0
58210,0.0
58211,0.0
58212,0.0
58213,0.0
58214,0.0
58215,0.0
58216,0.0
58217,0.0
58218,0.0
58300,0.0
58301,0.0
58302,0.0
58303,0.0
58304,0.0
58305,0.0
58306,0.0
58307,0.0
58308,0.0
58309,0.0
58310,0.0
58311,0.0
58312,0.0
58313,0.0
58314,0.0
58315,0.0
58316,0.0
58317,0.0
58318,0.0
58500,0.2
58501,0.0
58502,0.0
58503,0.0
58504,0.0
58505,0.0
58506,0.2
58507,0.0
58508,0.2
58509,0.6
58510,0.2
58511,0.0
58512,0.0
58513,0.0
58514,0.0
58515,0.0
58516,0.0
58517,0.0
58518,0.0
58900,0.0
58901,0.4
58902,0.0
58903,0.0
58904,0.0
58905,0.0
58906,0.0
58907,0.0
58908,0.0
58909,0.0
58910,0.2
58911,0.0
58912,0.0
58913,0.0
58914,0.0
58915,0.0
58916,0.0
58917,0.2
58918,0.0
59100,0.0
59101,0.0
59102,0.2
59103,0.0
59104,0.2
59105,0.0
59106,0.0
59107,0.0
59108,0.2
59109,0.0
59110,0.2
59111,0.0
59112,0.0
59113,0.0
59114,0.2
59115,0.0
59116,0.0
59117,0.0
59118,0.0
59200,0.0
59201,0.6
59202,0.4
59203,0.0
59204,0.0
59205,0.0
59206,0.0
59207,0.0
59208,0.4
59209,0.0
59210,0.0
59211,0.0
59212,0.0
59213,0.0
59214,0.0
59215,0.0
59216,0.0
59217,0.0
59218,0.0
59500,0.0
59501,0.0
59502,0.0
59503,0.2
59504,0.0
59505,0.2
59506,0.4
59507,0.2
59508,0.6
59509,0.0
59510,0.2
59511,0.0
59512,0.2
59513,0.0
59514,0.2
59515,0.0
59516,0.0
59517,0.0
59518,0.0
59600,0.0
59601,0.0
59602,0.0
59603,0.0
59604,0.2
59605,0.0
59606,0.0
59607,0.0
59608,0.2
59609,0.0
59610,0.4
59611,0.0
59612,0.4
59613,0.4
59614,0.8
59615,0.0
59616,0.2
59617,0.0
59618,0.0
59800,0.0
59801,0.0
59802,0.0
59803,0.0
59804,0.0
59805,0.0
59806,0.0
59807,0.0
59808,0.0
59809,0.0
59810,0.4
59811,0.2
59812,0.2
59813,0.0
59814,0.0
59815,0.4
59816,0.0
59817,0.2
59818,0.0
59900,0.2
59901,0.6
59902,0.0
59903,0.0
59904,0.0
59905,0.0
59906,0.0
59907,0.2
59908,0.4
59909,0.0
59910,0.4
59911,0.0
59912,0.0
59913,0.0
59914,0.0
59915,0.0
59916,0.0
59917,0.0
59918,0.0
60400,0.0
60401,0.2
60402,0.4
60403,0.0
60404,0.0
60405,0.0
60406,0.0
60407,0.0
60408,0.4
60409,0.0
60410,0.2
60411,0.0
60412,0.0
60413,0.0
60414,0.2
60415,0.0
60416,0.0
60417,0.0
60418,0.0
60500,0.0
60501,0.0
60502,0.0
60503,0.0
60504,0.0
60505,0.0
60506,0.0
60507,0.0
60508,0.0
60509,0.0
60510,0.2
60511,0.2
60512,0.2
60513,0.0
60514,0.0
60515,0.0
60516,0.0
60517,0.0
60518,0.0
60800,0.0
60801,0.0
60802,0.0
60803,0.0
60804,0.0
60805,0.0
60806,0.0
60807,0.0
60808,0.0
60809,0.0
60810,0.0
60811,0.0
60812,0.0
60813,0.0
60814,0.0
60815,0.0
60816,0.0
60817,0.0
60818,0.0
61100,0.0
61101,0.0
61102,0.0
61103,0.0
61104,0.0
61105,0.2
61106,0.8
61107,0.0
61108,0.0
61109,0.0
61110,0.2
61111,0.0
61112,0.0
61113,0.0
61114,0.0
61115,0.0
61116,0.0
61117,0.0
61118,0.2
61300,0.0
61301,0.0
61302,0.0
61303,0.0
61304,0.0
61305,0.4
61306,0.6
61307,0.0
61308,0.0
61309,0.0
61310,0.4
61311,0.0
61312,0.0
61313,0.0
61314,0.0
61315,0.0
61316,0.0
61317,0.0
61318,0.0
61400,0.0
61401,0.2
61402,0.0
61403,0.0
61404,0.0
61405,0.0
61406,0.0
61407,0.0
61408,0.0
61409,0.0
61410,0.0
61411,0.0
61412,0.0
61413,0.0
61414,0.0
61415,0.0
61416,0.0
61417,0.0
61418,0.0
61700,0.0
61701,0.0
61702,0.0
61703,0.0
61704,0.0
61705,0.0
61706,0.0
61707,0.0
61708,0.0
61709,0.0
61710,0.0
61711,0.0
61712,0.0
61713,0.0
61714,0.0
61715,0.0
61716,0.0
61717,0.0
61718,0.0
62100,0.0
62101,0.0
62102,0.0
62103,0.0
62104,0.2
62105,0.2
62106,0.2
62107,0.0
62108,0.2
62109,0.0
62110,0.4
62111,0.0
62112,0.0
62113,0.0
62114,0.0
62115,0.0
62116,0.0
62117,0.0
62118,0.0
62400,0.0
62401,0.0
62402,0.0
62403,0.0
62404,0.0
62405,0.0
62406,0.0
62407,0.0
62408,0.0
62409,0.0
62410,0.0
62411,0.0
62412,0.0
62413,0.0
62414,0.0
62415,0.0
62416,0.0
62417,0.0
62418,0.0
62700,0.0
62701,0.0
62702,0.0
62703,0.0
62704,0.0
62705,0.0
62706,0.0
62707,0.0
62708,0.0
62709,0.0
62710,0.0
62711,0.0
62712,0.0
62713,0.0
62714,0.0
62715,0.0
62716,0.0
62717,0.0
62718,0.0
62800,0.0
62801,0.0
62802,0.0
62803,0.0
62804,0.0
62805,0.0
62806,0.0
62807,0.0
62808,0.0
62809,0.0
62810,0.0
62811,0.0
62812,0.0
62813,0.0
62814,0.0
62815,0.0
62816,0.0
62817,0.0
62818,0.0
63500,0.0
63501,0.0
63502,0.0
63503,0.0
63504,0.0
63505,0.0
63506,0.0
63507,0.0
63508,0.0
63509,0.0
63510,0.0
63511,0.0
63512,0.0
63513,0.0
63514,0.0
63515,0.0
63516,0.0
63517,0.0
63518,0.0
63600,0.0
63601,0.0
63602,0.0
63603,0.0
63604,0.0
63605,0.0
63606,0.0
63607,0.0
63608,0.0
63609,0.0
63610,0.0
63611,0.0
63612,0.0
63613,0.0
63614,0.0
63615,0.0
63616,0.0
63617,0.0
63618,0.0
63700,0.0
63701,0.0
63702,0.0
63703,0.0
63704,0.0
63705,0.0
63706,0.0
63707,0.0
63708,0.0
63709,0.0
63710,0.0
63711,0.0
63712,0.0
63713,0.0
63714,0.0
63715,0.0
63716,0.0
63717,0.0
63718,0.0
63800,0.0
63801,0.0
63802,0.0
63803,0.0
63804,0.0
63805,0.0
63806,0.0
63807,0.0
63808,0.0
63809,0.0
63810,0.0
63811,0.0
63812,0.0
63813,0.0
63814,0.0
63815,0.0
63816,0.0
63817,0.0
63818,0.0
63900,0.0
63901,0.0
63902,0.0
63903,0.0
63904,0.0
63905,0.0
63906,0.0
63907,0.0
63908,0.0
63909,0.0
63910,0.0
63911,0.0
63912,0.0
63913,0.0
63914,0.0
63915,0.0
63916,0.0
63917,0.0
63918,0.0
64300,0.0
64301,0.0
64302,0.0
64303,0.0
64304,0.0
64305,0.0
64306,0.0
64307,0.0
64308,0.0
64309,0.0
64310,0.0
64311,0.0
64312,0.0
64313,0.0
64314,0.0
64315,0.0
64316,0.0
64317,0.0
64318,0.0
64400,0.0
64401,0.0
64402,0.0
64403,0.0
64404,0.0
64405,0.0
64406,0.0
64407,0.0
64408,0.0
64409,0.0
64410,0.0
64411,0.0
64412,0.0
64413,0.0
64414,0.0
64415,0.0
64416,0.0
64417,0.0
64418,0.0
